identifier,sequence,label,set
PQQ67582,MKVIGVTGGIGSGKTTVSGILSSLGAKVIEADKISREIMKKGHKVFDEVVDFFGEDILDEKGEIIRAKLRDIAFESEEKVKALNDITHKYISIEIKNKIKKCAKEDTVVVDAAIPLENGFLDVSHEIWFVTADIDTRIKRVMKRNNLTYSEVMDIIKMQPDDNYYISISNIIIYNNGSYKELEERVKSIYIKSAYK,1,train
GAE33515,MSSYKDKKVITIGIVSELTGLSERKIRYYEERKLIYPERSKGGTRKYSFLDVERLLDIANKMEDGMQTFEIRKMEQKQMQKQEVRDRMLRGQLNAAFNIRK,1,train
GAE36469,MKKGRIRHMAVFTLKSQYDSAETKKFLADGEKILSSIPVVEHFEVLKQISNKYDFEFGFSMEFANQEAYDTYNAHPDHQAFVEERWKKEVKKFQEIDFEVY,1,train
PQQ66360,MNNNNNSNNYNNGNYNSGNYNGGNYNSGNYNSDNYNSGNYQYNNEEVQLMNELSSNQAANPYATANPYADENSNFFLAIVGGSVVAFICSLLWAAITYLTDYQFGIMAIGVGFLVGSSIKVLGKGKSSKFGILGALLSTFSCFLGNLIYVYAYFAKIFAMSFFDAIGDLPFSEAISIVFKASGLIDILFYILAIYIGYKSSIKN,1,train
GAE34600,MIHIPPAFQQTLFYPNQQLIAPPSTKASFKEICKSIPFYYDLINVEDIQAKKHEFIPLIFQCWEEEELILVNYYRERNLIKVKPIMTTMLAAFIDTLFWLNNKLVEGLKHLPSCIKELVYKPINCIERLEYILSAPSQYHAFIQLKALFLEIKKIYAKYKLLEHKE,1,train
PQQ66981,MSEDMDKNIQKAIEIINKPETLQGLLNILGNTASKPSDSENPTDTKNENPYMAKDMGENTFFPKDIGENLELLQRVKDAVSVLNSNKDPRINLLKAITPFMNKKRKKAVNDCIQLLMVSQLLPAILSINNLNINNLNKSPGI,1,train
GAE35250,MLNELLLENGLARVAYIFAPNTRHVDRFYEIQKKAQQQAIGIWSIENYATEGGFAEEVDLEKQEPSKLANACDDPKIKGNHSSSGDLIYHIPGGQYYEKTNPEEMFCTEEEAKEAGYRKSMR,1,train
GAE34696,MWTETLTSFLFIALELTVLFIVISFVISLLQGFIPLEKIESKLAGRNKLFAALAAVAFAFVTPFCSCSTIPIIVNMLKKKMPFGIVMIFLFASPLLDPTILTIMGVILGWQVTAIYLLLTIIFSMIIGFSLEALGFEKFVKQVVMTGYDEQKRRFSLKQAVNETLSLMKSVFPYLLIGAAIGAIIHGLVPTEWVASTFGKDHWWLIPIAALIGVPLYIRLSSMIPISQILILKGMALGPVMAMMISSAGASLPEIVLLKSIFRKELVFIFVLSVITMSTVSGFIFYLI,1,train
GAE36496,MFDFMFALVGSTMLLIVSIYYLREFLKEGKSFKGKLTLIFIIFFSSILFIYSIVDVTKIMLNQTEVKEGKCEIKKNIGYRGTQYISVYFYEGNSYFTFPIKKYPLIDEGDFYCTLEHYRDTDIEISLKVFNPNSEQELKIK,1,train
PQQ65364,MSWFAVKKWTSFLVLVLLTTILVSCDKKEYMGFEELDGGSKLKCGDTVYVFYGALPDKSLLGKQIGVVNNDKKHKVFEGVSNLKNFKICLDKGEHCRQLRKT,1,train
GAE36259,MQIDKLRGKELDQLFKAILSLKDLEECYEFFDDLCTINEIQSLAQRLEVARMLQNGFTYHKIETETGASTATISRVKRCLNYGNDGYKMTLDRVKEEEIKVEE,1,train
PQQ66015,MKLYELQPNKGARKQPKRKGRGYGSGLGKTAGRGQGGQKSRSGGGVRIGFEGGQMPLYRRVPKRGFNNIFAKVYSVVNVSDLNIFDDGTVVDENLLIEKGLVKKVVDGVKILGDGDLKKKLTVKATKFTKTASEKIEAAGGKVEVI,1,train
GAE34187,MELTIYLAGEIHNPWRNEIREEAVGLALPITFTGPMEDHDRSDQIGEEILGSQLSKIAKDEAASSINNLRTQILLSKADIVIAYFGEQYKQWNSAMDAATAIAMSKPVIIIRDEKLHHPLKELANKAQVVVETPEQALRAIAYIFE,1,train
GAE35925,MTTNKPLKVLHVVGAMNRAGTETMLMNVFRQIDRDQVQFDFISYSQEEAHYDQEIGQLGGKVIRLTKTQSVKQIMDVIKQYGPYDVVHSHTLFHCGIANLAAKLAGVKVRIAHAHTTLDKSDNLARKLYIKTMRTIIITNSTHLLACSNHAGSYLFGEKVLHKNPYSFFPNLINYSLFLEDHSLAVKRFKKAEGVRKLFSHWTYWTVHRT,1,train
GAE37401,MRAFIDKVFVHSLILFILAYFISTIWTEVIFLHAMSAAGFIMLISILIVMPKRVLVLPILLISLSIAIVWLTSSPLGILWSGLREMSSIIPLVILITLISWIISHRPYVKALLSRGQNRIHTPIRFYTFTAAISHFISSFMTVGGIVFTFQMFQNLKRTETSNQAWDFTLSTAIMRGFTLTVLWTAVHPAFAYVIAGTNAPLIPTVLKGLGLALIGLVLAIFIFKFQMNQRKINVDVVPDFKNDMNERLDGLVWKFLIWVALLMGGIYTFNQGLDVNILLAVPVVIMVVTTLYFVCNRALAEYKQRWRRLMTVDLGNKKKEMILILSAGLLVGALKETGYGEVLFGYFLTGIDWLNLNVLIGLTFVVILLGFCGFPPIPAMVLLSGILMGIPGGYSTDLVALSLLLGVAVTLVIAPVTVPLLLISSQNKRSLAENGFRWNIVFGVSLLIVGIVYIQVLTLF,1,train
GAE35410,MRVVLPLIMIALLSGCGWVYQVGSGGSSEYDISKAQMQIVDFEFTNQEGSPFGTNQLQGQYWLTNLIFTHCPTVCPTMTPNMQRLQAAMQSENIDMSFVSFTVDPERDTVEALKSYGTNVGADLESWHFLTGYTVDEIADFAGESLKTPVQHIDDSDDIVHTTSFFLIDPDGFVIRKYDGLQSNQETIIKDLIQTVKN,1,train
PQQ67644,MERNINLEMADDFIKENSDENNEFIIDNDEKAEWALKKIAEERKEAQRYIDVCRSMILEYEEKIRKEEERLNKKTSYLESKLQEYFLSVKHKSTKTQKVYKLPSGTLKLRYRQPEFKRDEEKLLSWLKENKMLDFIKVIETPNWAELKKNVKISGNRAVAEDGQIVEGVEVIERPPVFEIDT,1,train
GAE37446,MRTMKLGTSTLEVPVVSVGCMRINSLEKTEAERFVQTALDLGANFFDHADIYGGGSCEEIFAEAIHMNDDIREKIILQSKCGIRKRMFDFSKEHILESVDGSLKRLHTDYLDVLLLHRPDALVEPEEVAEAFDILERSGKVRHFGVSNQNPMQIELLKKSVKQPLVANQLQLSITNANMISNGFNVNMENEAAVNRDGSILDYCRLNDITIQPWSPFQYGFFEGVFLGNEKFPELNQKIDEIAEKYQVNNTTIAIAWLLRHPAHMQPVIGTMNVGRLKDCCKASDISLTREEWYEIFRAAGNVLP,1,train
PQQ68111,MYAIIENGGKQYKVQEGDVVFLDRLAGEEGTSVTFDKVLAVSDGDKMNFGAPFVKNATVTGQILSHGKDKKIIVFKFKAKKGYRKKQGHRQPHTKVKIEKINA,1,train
PQQ67349,MGVYIENLQDKVNINDEIIKLMYESVEIIMGNENFTDEYSIDVMIVDNEKIREINLQHRNIDKPTDVLSFPIVNMYDGEIKSSLGDIDEDDGAIILGDIVISIEKAVEQALEYGHSLEREMIFLLTHGVYHLLGYDHDNEEREEKMLGKQNAVLNKMGLKRACMSYEE,1,train
PQQ65768,MNFEELFTLHIEINEQTLLENLHGDSVVMISFTGTATGKYFTGKVLPGGVDTQIIGKDKERHTLSARYILEGKDFNGDDCKIYIENNGYAVKNPNNVLFRTYPKIITNSKALSFLNHELLTGEVISTDKGIYIKFYRAV,1,train
GAE36441,MLSVKKVLNNNVLVVEHPDYEEVVLIGNGLGFGKKPGDTVAGEQAEKFFVLREEKDQEQYKQLLDYVDENFIGLMNDIIEIVEDRFSIRLHEHIHITLTDHLFYAIKRVKQGLDIKNPFLSETELAYPKEFLVASELIEYLNKQLNLEIPPGEIGFVALHIHSALTRRSLQEVNRHTQLIAELVQVIEQSLSIKMDREDINYLGLVRHLHLAIERINKEQFMENQEPLKNVLQAEYPVCYNLSWKLMKIMQHTLKKTIPEAEAVYLTLHLQRLSKQ,1,train
PQQ66836,MDANKFWELIEDSKKKSEGDPEKQIKILVSNIAKLPEEEIYEFDRIFNTYYFASYTSELWAAAYIINGGCSDDGFDYFRGWLIAQGREVYENALKDPQSLAEDISEDEAGDIELEDILSVSYDAYKLKTGKDDFYDKVEVSEYPEIELNWSEDERELEKMFPKLIKKFWK,1,train
GAE34941,MSRHKEKIIWIIWGFVFLAVFAYLAQAQTFKMLTTVDSIAFLALAMLTAILPIQYRNHTLTFFQWITLAIFIKYGFNLEVLISQMAVLAALIASGLTKQTLYRIPINSLIFLITSIVSASMFYLVGGQTGDLFSMLYHGHAMLVYAMCILVLNHVLIFATRRYLFSIKGQNFFKALTREMISATILLPIVILLIILHKEIGSFAVLFTGIALSEYQLSLSYTTE,1,train
GAE36064,MRQRTYLTPTLREVPADAEIKSHQLMLRAGFIRQTASGIYSYLPLGTKVLRKVEAIIRDEMNASGAQEVLLPAIQPAELWQESGRLGDYGPELMRLKDRHGRDFVLGATHEEVITTLVRDDIQTYKKLPVNLISNSNKIP,1,train
GAE33510,MLTIVAIIIACFFAMNIGASGTAAAMGPAYGSGAIPKKRNAMLLVGVFAFLGALAGGEVVRTIGSGIIPTSIVDVEIVIIILAAACLSLFIANLLGIPLSTSEVVVGAIVGAGIAYQNLFFDKLIVIVSFWVIVPIVAFLLAYVFGLLVRKLEKKYPDLTGKGKWKKPLVILLIISGCMEAYAAGMNNVANAVGPLVGAGLLDITPAILMGGFFVAIGALLLGGRVLETNGKRITKLSLLQGSTVSITGGSLVITASIFGLPVPLTQVTTSAIIGIGTVNGGLRLWQKSILKQIIKVWVVSPLFSLVLSYGLILLFKQGDYYTLFVVLSVLIATGGAYSMYQSAKQERRSTFDDGGGI,1,train
GAE36976,MSPRTGLNLNTILKEAAQIANEDGIEALSITTLATKLKIKPPSLYNHVDSLHDLKKKLSTFGLQRLLEYLTRSVEGLHGDEAVVALSKAYITFARTEPGLYEMSLNAPDAKDVVMHQTGEKIIELVLKVLDSYQLSYEESIHVVRGLRSILHGFASLEQRGGFGLSLDVDVSINLLIETFLLGIHSKIRGK,1,train
GAE35839,MLVPYKTTNQKIAMGLLSFMPEEKDVKKLLKTIERYDSDPNWKLYLWKKEDFVGVIGIFIKEDRAYLEHVCVNPSFRHEGIGRAMLNELRRILPCELSPTSATRNFMIACSEEEKSS,1,train
GAE36730,MRKSVLALSLVSTLLMSLSGCAGNQANPNNQVQMNNSYHNGYVGTTSQDHSHNTTNVGRNDVGEEGFDLYGRTLTPLGQKKYTGTPGYGFELNVGRTAEQARLQSGSR,1,train
PQQ66916,MAKRKRKLKIIPLGGLGEIGKNITVFEYGKDIIVVDCGMTFPDDEMLGIDLVLPDTTYLTNNKDRIKGIVITHGHEDHIGALPYVLKEINVPVYGKRKRINGYKY,1,train
PQQ65998,MKLAEDIIKKPLITEKSNMEVAEGKYTFIVDKNATKTEIKKAVEKLFQVKVLKVNTMNFKGKKKRMGVHEGFRPDWKKAIVKIDTDPKPVSYIEKGGKEAVINKKFKTSIEEFGATQ,1,train
GAE34792,MFISSIPHTLAEEVEDVVSSAVQMHEDLRVQMHPMSYERLMVEIAVHNGEILFLDEQLMSAAYDPTGLVPLDEILNDEWESLIPDDYRAVDEKTGQTHVYAIPFNNDSSFLENLGVELENPLVAIVPIYAENKAFSMELLQYIMETN,1,train
GAE37265,MIVIAIGLAIDYFPALTGGIVGRNMIFALIFLCFIGAVIAEILLPRKENQKVNVPLFEHDLFFIMYVITLIALYTLLGGQSQIGLAITHPVLWIFVVYAFLKWNLERKQLKRENE,1,train
GAE33485,MSNYQQDLMDIMVKKILSKHKVNPASDLTDDDKEKVKKVVGELQSEVERFLDNQNKTLSENDFAQTNQTEAIEATEENATDNTASKTNPVVKESIKKLIEGNNDLQKVKTFINKLNK,1,train
GAE36846,MNVLLIGANGQVARHTIAKLKDEDHQVIAMIRDSKQATELKDLGADKTVVADLEGNFDHAFDQADAVIFAAGSGGHTGADKTILIDLWGAMKAVDAATRLGVKRFVMLSSMGTVDPDKSDRIRHYLVAKKLADDYLKQSQLTYTIVRPGSLTNEAAQEKIKLEEEIQVRDNTITREDVAIVLAKVVKRENSFNKTFEILNGSLAIDQALDQI,1,train
GAE33368,MTIDGMLFFVVVMLVAIVGALAFFTKSKPKPALAYVGRTDLKLNQEQFKEEFGMERNTTTKQVIERAAERKVEEEIGEELNPLRGHLETMQSTLNQLQSTQQQANSTIGSTSQGQQQTDQLLQQMQQISTQAQQQQQKTFQQLQQSIQQATQMLGNVGQSIQSINVLNQMTQQINQSQQQLQQQTQQQQQQQQELQKLQQMQNQQGQQNQQNQQSQFGQDMSYSQSYQN,1,train
GAE36054,MSIRPVEVQGSFPVSQKTGKIQEQMQQRGQIGQEVISQQLLEEQQKKKKQVIKTSETDKMKLTKDESNNNGQKQEQKKQDKEENKREHEKEKHPFKGQFIDFTG,1,train
GAE37193,MTEMLLRYFRTKQKEAQTEKIYDTQCPFCSMQCKMQLIEQSTVTRKKYQTVGKDNPTSEGRLCIKGLNAHQHAVHTDRIKQPLLNVDGEFQAISWEKAYALIEEKFSAIQSEHGKNALSVYGSATITNEEAIYLESLLEWHLERSILITMAAYVCLQLHQQQRKHLGWTGGSQIV,1,train
PQQ66439,MRETQRVDKLLSNSGFGTRKEVRKLIKSGAVKVDGTVITDAGIHIDPVNSLVEVGGEVVKYREYIYVMMNKPKGVISATYDKRHMTVVDILPEEYKCFNLFPVGRLDIDTEGLLVLTNDGQFAHEVLSPKKHVPKKYHAIIEGTVTQEDVRRFKEGVVLDDGYKTLPAELNILNSEDTSHVEVVIYEGKFHQIKRMFQAVGKRVKYLKRIEMGKLKLDSTLLIGECRELSKKEVALLKISNDSDIN,1,train
GAE36535,MESYEDFQVVTKDALIFTLNELKLEQDEIVLAKLLKAYSRLTPFPEVKEALQSLDSKQLSILSNGSPDMLNKVVERADLSQHFSHIISVDELRKYKPSMDVYQQGVLKTGYQKDEILFITSNPWDACGAKTFGFHVCWINRSQKAFDELGVQPDVIIEHLGQLTVKHEF,1,train
GAE35126,MNQTNFNDTFLKACRGEAHDHVPVWYMRQAGRSQPEYRKIKEEYSLFEITHQPELCAYVTKLPVDQYNNDAAILYKDIMTPLPAIGVDVEIKSGIGPVIDNPIRTKADVEKLGTISPEQDVPYVLDTIKLLREQLTVPLISFGGAPFTLASYMIEGGPSKNYNKTKAFMYAEPEAWHLLMDKLGEMTITYIKSQIAAGAQAIQIFDSWVGALNVADYRTFVKPVMNRIFAELKSENVPLIMFGVGASHLANEWNDLPLDVVGLDWRLSVQEARELGIKKTVQGNLDPAILLAPWHVIEERAKEILDQGMKNPNFIFNLGHGVFPEVQPDTLKKLTAFVHEYSYDKLGK,1,train
GAE33588,MDLLNNDNLKKKTSGFNILSNDSTDGHGGYGAGTLNLDNVSPVFVDPTEGEAFVDMGALHARSAVEKRIKFLKNKEEVPNGKLYWLVWVTVQHKDGKPYYAGVAGCEMTVDISIRRGYKSLPEHVNKMDKSLKGHILVDDMDDKSKAILAKFLKEHNEQIWENSTKELHEALTV,1,train
PQQ67510,MSVYTFFDLIDEVFNLYKEPLTDKEIWEKAVESGLDKKVGSVGKTPWKTIGARIYVDMRDNPNSKYIKVGRRPTRFFLKELMKNETIESISKKIDDKDKKEKENRKKYKERDIHPLLVKYIVNFQIKLDNIFKLF,1,train
GAE37713,MKKVGITFGIFIAIIAVFVFVNKLYYPSLPIDGISAKEAIDKLKESDSKIAEIAVESDSIWYITSSENKGISIADENIKQMVVSNGWEFKQKDGSGLFFEKDGERLIATTQMWTKKYVLVKIPKV,1,train
PQQ66906,MNITEYLYNKYGDYTKTSTEVYDMVRTLYDPAIEMKGKIEGKIEGKIEGKIEDILELLEDLGTVPESLATKIKEQKDLAVLSKWHKLAAKSDSLNDFEEKM,1,train
GAE36964,MLLEQEAEILVTKSIYLPLVRKVLERDMEKIKQADLKFHEPYLTIVERTIIRVGYDLGIVKRQLKNKRIFVYDQGIKEGRCTYLVVNRGYRHERSLFPHLVKQTVETYVTGYLNGSSFQGVPLEQI,1,train
PQQ67935,MIRRLIYFSFLVVILFVASTACTTQTPPQPEASQSPKREESFEPTIEKEPEWITEDNDSLQIEETPTSTPSVSDDRVNYDEYFTNSVFVGDSVMEGFAQYVRAQRNSGVDMLSNAQFLTSLMGITVYDVVNYTTGAKCYFTYRGKEQPLETILREMGVSRVFIMLGMNDIANGFSTVDTTNNYRKMIDLIKNTNPDLDIVVLTPTPKTASKWLPDYTTNRNFGSPLLNELADMLKAMCEENGIKVVDVNAAVRGPDGHLPDEYSRDNFVHINNECSAVILDFLREFAKIQMEG,1,train
PQQ67718,MFSKIREVIVNHIKSNINLYFFLFLAFVAGISAGAFTVNGLSPVQKKELNNYLHGFFQLFENQKVDGNEILRLSLIENMRQIAILWGLGVTIIGIPFIYILIGVRGFITGFTSGFIIEYLGLRGVLFSAITILPKELIIIPCLIALGVNGINFSLSIIKNKSNKDEKKNSLKINFFAYCFVTLTFSTVIFLGIFVESYIIPVFIRMTFT,1,train
GAE35506,MQEKVLIVEGKSDRKRVKQVLDEDVDVICTYGTLSEEKLETIILPIEDKDVYILVDADESGENLRRKLKRELPNATHLYTLKEYGQVETTPHHYLAQILRGDFDVKEIF,1,train
GAE34821,MRRSMMACHDQERINQFLTLTRIGFLGFSNEAYVVPLNYIWYEGTLYFHCANEGRKIELINEHPSICFTVCEEYGTLVDPQPANTDTSFFSVMIFGEAKEVNNLKEATKALQVMLEKYVPGYYPTPLAEKYVERYRSSLGSPVVLYKVSPTKLTAKENAQNEEKAYYHGRTQGQDLKKSR,1,train
GAE36901,METESFVEVKNEWGIVAARQAGRSLSKEIGFGSVDQARITTAISELARNIYLYAKRGKIHLELIEQPSKLGIQKGIKITAQDNGPGIPDIRQVMMDGFTTSGGMGAGLPGVKRLMDDFSIESIKEEGTTIIVTKWLR,1,train
GAE37420,MKCFCEQEDTLDLKIEGDVGAEPIWCSKCGCNFDLEDISFSNELKDELGSWANEYGNWIDWDKDKIVPAGIEMEEEHNKKGIILTDKVKKELGGKYRITFSSSTMARAMQVKNQNL,1,train
GAE33439,MEWLDSATIGFVVVFLGTLFLIGELLVRAKGLFAILGVAIMAMYFSYHLSGDVGLWVVILYMVGMALIVIDGKVITDGTVALLGVILMIIGLAVPAPNLIYGVLVSMGFLVGGFSSALFLKVFPSRNLWAKMTLKDRLTGDIGYNSINERYHELVGKQGRTISSFRPTGTIEVDGEQYSATSGSSWLEANMDIVVTSVDGTRILVKKLEDDEKSE,1,train
PQQ65820,MKHTVSLKKNYEFGRVYRRGKFHAGKFLVLYVLKNKLDYNRLGITASRKFGKSTKRNRIRRLIKENYRQMEEMIKPGYDLVIVARKTGELPSYLEVKKEMKFLLKKLNMMVE,1,train
GAE35007,MNLIEVRDYEEMSQIAADYLVKQVRKNPASVLGLATGGTPQKMYELLIADHKKNKTNYNTITTFNLDEYMGLKPTDPTSYRYYMDQNLFNHINVQEKNINLPSGLAANVEEECKKYEVRIQEKGGIDLQILGIGSNGHIGFNEPRTAFSSRTHVVNLTASTREANARFFDSIKEVPTQAITMGIATIMESKEILLLVSGEEKADAMKRLFSQEEPNEQFPASILKNHPHVTIVADKKALKGVVVPV,1,train
GAE33639,MSNQTIANRYAVALFQLAKEKHQLKKVNEELQVVKDVVQANPDFLKFISHPKITKQQKQDFIKKSFASLNETTLNTFLLLIESNRMGILVPMIDQFKSLVYDAEDMAEALVYSAQPLSDKEQNEIAKSFAKQVKKSKLEVINIVDSKLIGGVKIRIGDRIYDGTIKAQLDRLERQLVAGTR,1,train
GAE34906,MLKKYKKNVRLTKKFPFIRVTRKGRASLVVVEDLWTKCNTEAEKLLYHQLRANMYYPTPHYWIEHIRANLALVPYKLALIEFKPGMDEKRIIKQLKKRQWRVIFYDTDQLLKDERRYFDLILKQAPTKNVSSSS,1,train
GAE34092,MLVNEGIRAREVRLIGANGDQVGVKSKQEALEMAQNVNLDLVCVAPTAKPPVCRIMDYGKFRYEQQKKEKEARKNQKIINVKEVRLSPTIEDNDFNTKLRNARKFLEKGDKVKVAIRFRGRAITHSQIGRKVLERLAKECEDVAVVESMPKMEGRSMFLMLAPKAEK,1,train
GAE33254,MISFVVAMDRNQVIGKDNQLPWHLPADLKFFKKVTTGHTIVMGRKTYESIGRPLPNRHNVILTTNANYEAEGCEVVHQVEDVLQMVNQDEEFFIIGGTQVFSLFWDYVDRLYVTFIDHEFEGDTFFPKIEQDQWDMVSAELGMVDEKNVYPHEFRIYEKKEQ,1,train
GAE37163,MDVPLRSITNSSNALVVSVDYRLAPENKFPTAPEDCYQALQWVASNISSYNGDRNRIAVGGDSAGGNLATVVTQMAKQREGPFISYQVLIYPATQFSFHTQSHLENGENYFLTKSSMIYFAKQYISEKEKNHPYASPLLAPDLTSLPPALIITAEYDPLRDEGEAYANRLKESGVPVQLERYEGMIHGFFWLSGIMDQGKKAIDQIGSILKEHFSNSISHI,1,train
GAE33231,MLEMNPIQIEGETFIAVTLKLPKTNFMAVMNDTGYIMCGALDVALLNAKLKERKIVAGRAVGVRTIDQLLEAPLESVTLEAEQLGVTVGMKGKDALLKMKY,1,train
GAE37599,MKITLEMSKGAYEIAKKVYYEKLTRSEGKVEINRVTGMSEGSAQAFITIFLAMMKGEGYKRSFNNETNKFLLESIRNDFGETTYKKALTAVQKHIDYYSTLNKGNLTGLQAIVNQMKCN,1,train
GAE36240,MGFSAVFTFVALTIMMLQDVQVSVSIIWMNMLGSMVMGIYFGVSSMIFDVDHWSPLKQTTIHFLLSISVWLPLAMLIGWLPFNVIPIIVGIGSFIVVYVIFWSGSYFYFKRLEHEMNQSVKR,1,train
PQQ66485,MIIKTLAENTSISKKFGSEHGLSLYIEVNDCKILFDTGASELFFENAKKMEVDISHVDYLLISHGHYDHGGGLEAFFRENTKAQVFLHPLAFGKYYALRSNDKFEYIGLKEELKENSQIVFTSNNFVIRDGIRVFSNITKTEPPPASNNRLYMEEKGKMIQDTFLHEQNLIIEENEKNFLVVGCAHNGITNILQHFYNLKGCMPDYVIGGFHLSNRSGEDNESLDTVGRIGKFFMDTNGKYYTCHCTGIEPYKRLKAVMGDRIGYLSAGSEIKI,1,train
GAE34946,MKMANERGITLVELLVVITIMGVITAAVTGLVSYSLKTEKVVSGQNDVQREARFIMEHMTEKMRDTAYWFEDTGTGNWTLEKDGTVFLTYVNSDKKITLGEQTGSVLSDSVTKFEVKENEADRNEVDVILEITKPNGKIKLESTIIYSRF,1,train
GAE33672,MIEDEYADPVTVFIEEGFINKEKYEMEMTTGQALTLVMSINQADDLWMISMVLIMLFLTGFFILFSSPIRESKYIIWYVGFYLLLLIIVVIWIYTTQSGITEDIVRNIELINVSSGGVTGFTS,1,train
GAE33032,MNIETKYQGQMDIHEDKIITFQKGIPAFEEEKQFALLPFAEGTPFYVLQSVKTKDVAFIIMNPFDAVPSYQYKLSDATLEELEIKKEEDVATFVVLTVKEPFAETTANLQGPIIININKQKGKQLLLSDSDYKTKHTIFKEVALQTTKEGK,1,train
GAE33576,MYQQPWYPQSQGGAGYGQQQQGFPQQQPTTQQAPGQMPYVSSQGYQYTHAPGFTQQQQPFPGGMTPQQAWAQQQGMLPLEQSYIENILRLNRGKAATFYMTFENNPEWNARVFRGIVEEAGRDHIIVGDFEDQTHYLLLMVNLDYVEFDEPIEYDYPYGAAAPTAAPTPLATYSPRPNNNS,1,train
PQQ65497,MSGKNTSIKNIFTNGLIKENPVFKLVLGTCPTLAVTTSAKNGIGMGLTATAVLILSNAAISLTRKLIPDKIRIPAYITIIAGIVTLVQFVLQAYFPEIDKALGIFIPLIVVNCIILARAEAFAGKNGVIASMADGLGMGLGFTLALLIIGSIRELLGNGTWFDYEITANIFPPASIMVLAPGGFLTFGIIIGIINKISASRIENKGCSACPMPCDLASGEREVQG,1,train
PQQ66169,MSSGSNILFDETTVFRSLGKGELTFKEAFDEILNYIKADKNSSYKISVGTDSQVSGKTYFVTCIHVHRVGKGAIGFLHKSVLQRPIRNLREKIYMETCITLQLAYLFDEERIGMIYDALGKKGITFEFHIDIGRKGETKVLINEMVGMVKGLNFVPKIKPDSFCASCFANRYTKAI,1,train
GAE36807,METSSALKKGNAVNVRDMIEEKKSTRNMTNVMEKLMPKLLLLIASISIFTTLGILFTLLFETVEFFQRIPFYEFFSGTVLKPLSQNPQFGVLPLLTGTIISSVIAMFVAIPIGLMTAIYLSEYATDKIRRLVKPILEILAGIPTIVYGFFAFTFVTPLLREFIPGLQATNILSPGIVMGIMIIPMVASLSEDAMSSVPNSMRKGLLP,1,train
PQQ68080,MILVNTDYIPGKEFEVLSIVKGSTVQTRHVGKDIMSGLKNLVGGELKTYVEMIEHARALATKRMVEEAEKLGADAVINIRYSTCGIMQGAAEILVYGTAVKFK,1,train
PQQ67663,MINNREIGTIGEEIAAEFLEKNNYKIIEKNFRYKRLGEIDIISWENDSICFVEVKTRSTLKYGLPRESVNFRKRENIKKLAQIYINRHNMHDKSIRFDVVEIYIEKNQDKIHLKEINLIKNAF,1,train
PQQ66299,MPTFNQLVRKGRKSIGKQSDAPALQKGYNSLKKKMTNVSSPQKRGVCTVVKTSTPKKPNSALRKVARVRLTNGIEVSAYIPGIGHNLQEHSVVLIRGGRVKDLPGVRYHIIRGTLDAAGVANRMQARSKYGAKRPKGGAK,1,train
GAE36055,MMPTLLATISLLLHGITFLWIMTLLQKQSANHNQDLPKIKNEIEDLLIAYTAEMKEQNEKLIVELERRNEKSIKEVRLQQQKDRLKSVENKNDSEQEQHKQINEEEVADRTVSKPSARKSTNYEEYQPPEIESEDIQAGYEQSDTAKVIALSKQGESLENIAKKLGLGKGEVELMLKFYR,1,train
GAE34477,MREFYNIVNKKIYYLSCVFMIIIMSMGLFVLNPRMEAFDFGYVLHLTLVTLFSICILIYPKYETYMLRFITITIASLYFYALFFLYPDTWSTFIFLCLIPAFSILYFDSKIFYFSLVLNFIFISVTLLYIILVDQGKLFSHIEQDLVGNTLNFVGSQIVIFLIYFLSDVRNKKQQLYYEQIQQTERLKTTGQLAAAVAHEIRNPLTVVKGFLQLYEKEPTFDDKKKSILN,1,train
GAE35909,MQTTQYLTEIIRELQHASEQIQDEQAELLVNDIIGANKIFVAGAGRSGFMAKSFAMRMMHMGIQAFVVGETVTPSLEKDDLLIIGSGSGETKTLVSMAEKAASIGAKIAVVTIHPESTIGKLADVIVALPGAPKDQTTSSYQTIQPMGSLFEQTLLLFFDALIVRFMEKKELDTQTMYGKHANLE,1,train
PQQ65997,MPKVDVYDINGNVIGDIELSDNIFAVDINKGAVHQVVVNQLANKRQGTQSAKTRAEVRGGGIKPWRQKGTGRARHGSIRSPLWIKGGVVFAPKPRSYRYTLPKKLRRLALKSALSSKVAEDQIIVLDSLNLDSIKTKHMAEILKNLKVDDSAVIVIPEKNENIEKSSRNIPGIKTLLVNTINVYDIVRHNKFIVTREAVSKIEEVYA,1,train
GAE35600,MNNGEVLIPINKLKYDSIPRVHLNNSSLYDDVKANGLNKPLEVEGPDVNGNYFILDGLRRIEAIKEIRSLFPLKFREVKCLVVKQLSSQFDRNMERLGESFHSRRRTGIERQFMIEEALKNGLTEKELSKQLNIPISTLRKCLKGSNVPEELRVEIAKLRASQEALDVIYHLDLEDEFIEALLTELRNRSITTVHAAALKKTLKDEMYSLLEEEGKKESLLLTLREGQFTKSHARRIVLEEVIKTNPERAADGDIVQWVENLCSELEKMSQKVHPKVGDQVEDQFQKRRLKNALSELNKKLKWIYGEKTEKGGFRYRFEENDDENDHVL,1,train
PQQ67020,MLLKDLLERNKREREKAAKRKAAKNAAIGAGVGTVLGLAAGLLFAPKSGKETRQDIAENAKKAADKVSKGTKKVVENVKHSMEDVKGKILEVKSRKKAQAEAEDSSEETEE,1,train
PQQ65388,MPKLNDREGNVSLELNIIDNNFLDVQFSRQDYENWIPFEFVLNVGGERYAYIPDMGATFTVYEIKNLITKFEQIANSKIFKKSFDKFEFSSTERYFDLIIYDPLEDEEIYIEIWINMGTITNGKVSGYDKGFRFIVKLDSFIKFTNEIKEQLRQLMDF,1,train
PQQ66311,MRCNYKKEDIEKYSEGTLSANSAEKIKKHIKSCKECASYYETLSFIDAVSKNKIGLKKDLSEKIAEKIDKERYAKSKFGFDFAKILYVFGSFKRIKEVYRKRR,1,train
GAE35324,MPRKGPVTRRDVLPDPIYKSKLVTRLINRIMEDGKRGKAQTILYNAFELVKERSGNDPMEVFDQALKNIMPVLEVKARRVGGANYQVPIEVKPERRTTLGLRWLVNYSRLRGEKTMEERLANEILDAANNAGASVKKREDTHKMAEANKAFAHYRW,1,train
PQQ67539,MNQKTRIMNNKLIILNKSYRDKKLYVISEDGQKKYKYVNEVDLSNMYMQNIRLFGNFGIIEDWYSSIPVYVLQAIFIALRKLQQSIHIMMSLAGMKIHFFQTLL,1,train
GAE34555,MNRVQVATKSKVYDVCIKAGLRHLIGDAVKKVTEPVSSVLVITDTDVAPLYLDDVVLSFKNEYPVYTEVIQSGEASKSFSVYEQVMTKALESSLDRKSLIIALGGGVVGDLAGFVAATYMRGIRFIQVPTTLLAHDSSVGGKVAINHPLGKNMVGSFHQPESVLYDTEMLYSLPVKEWRSGFAEVMKHGFIRDLSFLNWLQEIKVIEEMPIEQLNTLLEKSISIKAEIVTVDEKESGIRAHLNFGHTLGHAIESD,1,train
GAE37351,MEENSKQLAHAFLQGDIHGSWMIIQEHVNAGMNSYYIYEQLLTKAMQYIGTLWEENDITVADEHIATGVCDFVLSRYAFPKVQSHQEHRRAMFFCLEGEEHYLGLKMVHSLFKEEGWNCRYLGPNLPLEYALYTIQNFKPDVVGMSLSLSTQLPQLKIYLDAFDQLTEQPEILIGSRLGSTINTNFLSMYKNIQFVNSLQDVRLWFEDDALQISQL,1,train
GAE37526,MGNEGEIKRLLGEDKLKNIALQKAISGNNEANTNVKNIFMPLDYTSLTASNLVSSYLEMFSLLIKNKEFFHENKAYILAKIETYESLMLKVVKDEERFRNQLIELLEDTSS,1,train
GAE37076,MEPLQQIERTELWVKDKLDGEGTGHDWHHIHRVTTQAKEIAEIEGADVFIVTLAALLHDLIDDKVVVSEEEGLKEVTNWLEEIGTTVEQRNHILTIITTMSFKGGNNEPVTTPEAQVVQDADRLDAIGAIGIARTFVYAGSKGDPMYNPELAVRESLTLEEYRNGQSSAIGHFYEKLLKLKDLMNTNEGKKRAETRHKFLEDFLNQFLTEWS,1,train
GAE36293,MQTTYDSKVLSILEDKIQLIETDKGAIYLVGPIRLPVNLDRETVVFQWYCWLNCDEVTTKYERIINKLASTNLAELQQSSVLVFGDFANAEEAVIRMHSICHLLVYDFWI,1,train
PQQ66332,MEVKSEEKQMKYVIGDINKFAIQYILMPNPYDERGVIGQSWGRLDLWVSGKNLCQYKVGDTVNVYIWNLFYVIEWFCENLHHILGYDPFPLPVKGENTLELIQKADTFDIDEEDENYLWHHAKRTWIFRHTWFPNRGGSRLPSVYFRRVGENIEIAWNNNFYENKSIEFVHSKGVGVIPKKEFKGVVFAFLNNILDELDLKISERFQEDKKQLIELREKLKLLE,1,train
PQQ67642,MEKLIRVNYCGYNYYNSDYDIIDRPKGSGDYLLLYFLTPMKVLLKNELVRAPAKSFLLYTPNHRQWYQAVKRFGNSFVHFECDGNFIEELSIPLNQIFYIENTSKIQEYFRWIENEFINKTIFHEYQQDANVKSLLIEIARNFRSAETSVVKSTRRQEFEKIRYKILGNLGHPWTAEEMAALAHMSTSQFYAIYQEEFNQTPKASLIEARMEYAKYLLRNNTLKINQIAKMIGYQNEYHFIRHFKKRFGVTPGQYRKSL,1,train
GAE36920,MNFIISDEAVALYKKEIPLIKGDSVRLYVRVGGIGSGGFSVGIIKDQPPEHAFILEKQGITFFVTEDDFWYLDGMSITYDEDSGYLDFANPKFSQLDHPES,1,train
PQQ68032,MKRLEKYRALRIARKKCIFISLLCFIIIITGILTVDYSINALMNGENGIKLFAVKKTGDGCYLIKIFNKDLYLNINYIKEDFNKLLEWLNISCSLVICYAIIVCRYLKF,1,train
GAE36420,MTILAGIGAGPWDALNVGLAMITPFSVGNWVIFIGMLLIILNALLTRSKPVIHSLLTIVLIGYLIDFWLIIVFNDLLFSGLMLKVFVLLVGIVIIAFGASIYLQAEFAIIPIDGFMFALRDLLKVKLMVAKTITELIALVAALIVGGPIGIGTLLITFLIGPLIQFFFPRMKKRIHWKEAGEKEFL,1,train
GAE34903,MRVDGRDVDQLREVVIETNYVKHPEGSVLISMGDTKVICTATVEDRVPPFLRGKGKGWITAEYSMLPRATEQRNIRESSKGKVAGRTMEIQRLIGRALRSILDLEKIGERTIWIDCDVIQADGGTRTASITGAFVALALAMEKILNAGKIKEWPITDYLAAVSVGIDSQKEALLDLCYQEDANAEVDMNVVMTGVHHFVELQGTGEEATFSREQLNSLLDIAEKGIDELVKIQRETLGSIADRMIEK,1,train
PQQ66414,MLKRFIIYGVIGWSIEIVWTGLHSLIFGDIVMQAYTNLWMFFIYGCAIFLEPLHDIMKEWRWVFRGVLWVVIIWGIEYTSGTILLNLLGRYPWYYSGKFAIDNLVRIDYAPAWFVAGLFFERVHKTLDIYNIA,1,train
GAE34580,MEKKTMKQMQEEVDTYIGQFKEGYFSPLAMLARMTEEVGELAREVNHFHGEKPKKSTEEANTMEQEMGDILFVLICFANSLNIDLEEAFDLVMNKFEVRDKDRWTRKEGE,1,train
GAE34049,MDTIKNLKTDWTTFAVSGGFLLLFVIFSLIDINMVEGWVTDSFNWSVTFFGAYWQLLLLGNFVIGIILAFSKYGNLKLGKMEKPENGYFRWISMILCILLASGGVFWAASEPIYHFVTTPPLFANDGMTPQEAIIPALTQSFVHWGFLAWACLGTLTTIVLMYAHYHKGYPLKPRAILYPIFGERIFNKSIIGSTADIVSIIAVAAGTMGPIGFLGLQIGYGLHFLFDIPNTIATNMIIVGALILIAAISVASGVDKGIQFLSRLNVVFVVLLAAIILIIGPTMFLIDSFIGAQAFQLQHFFEMNLYRADHAWLGYWTVFFWGWFLGYAPMVAIFISKISRGRTIRELIIAVSIIAPLVSNFWFTVVGGTGLSHELNNPGSISGPLGDGGMPATVMAVMDQLPMGLWLAIGFLLVSIVFVSTTVDSISYTVAVTLQGTDHPQKWMRVFWVVLFGLLSVVLLSIGEGSIQALQNFIVVTAVPVSILLLPPLWSAPKIVKQMAIEQNLVPSIESTKEAKVKVAK,1,train
GAE33477,MYVEIVETKKQLDDAFKVRTEVFVEEQRVPMEEEIDQYEDEAIHFVVYDKQQSAVGAGRLRFVDGYGKIERICIQKNQRGTGTGKLLMEKIENVAKQKGATQSKLNAQIQAQPFYQKLGYETVSEEFLDAGIPHVTMIKTF,1,train
PQQ67649,MYINEIFNALRPLKKRVYLKNILDFFCCFFIGAGILALVFSIISLFVPVTFVGEKIFAIYLVLIFLSFIFSIIFMPRSYKIAKIADSLGLKERVITACELKDDESGLAKLQREDTLKAVKGADFKSLYKIHVPYYKLLTGVLLLCLTLIVFTIPTEAREKASLKEEIENETKNQIEKIQEERKNLSKDQKVSVEKSDEIDEVVDSLLEELKNVKDEEEAIKALSKARNQLEELKNEGLKELENVSRKLKENRLSKSLGEALEKNDMDEVKKQLESLGENILNASDEELNEFLEKLQEAIEGLSQNQDLKDGLEELMNALESGSGEDIQKVLEKMKELINTIDLKALENMKIDQLASMLNSGINSLAKMSGSGFDFSAFGGENSQGGGNSNESGGGEGQGDQGEKKGQGGSQDKSQDGDQGEREGQGGSQGEGQDRGQGQGQGQGQGQGQSQGEGQGGGGTGTGMGSSTSNMDTGYSGSSTGTGGPDGSSGSQVRDYEEIYVPQRLGGDSEISQITGTIGEGGETQVIQTDAPLLKGNTIPYNEVLGEYKEKGMTSLKDAPIPQGMKDIVRDYFSTLDE,1,train
GAE36648,MGSVLKASIKKIEILNKIAKDEWNQSVRIILGDIELNNDNFIALRRFRPDEIVHVTLESAQMSLFDMQPKKRATAAILGDEVKVRKKKDERDVPLVVEGGVLGEGEVVEQEFRF,1,train
GAE33678,MTNLAHIAQTNISNIFRQLIILRDDGFVLIENAADARMKKVNLTARGKEMVSDFIRENQRQSELKIVETIDKISEEELKVVFKVASLLSSELVGDKFTSFVMKSHKDL,1,train
GAE35674,MLFSFLFYYLVVSSLIPTTELTNIHLLLLITSIIILLFSHKALHLLPIWLCGKKATLKVQWFYFIPLLSIKTAKPLPRNLYLIALLTPVIVMTVFGALASATYPMYIALISILSSIHFGIAFFDIINASYLIKAPKKSFIEDHEEGFHILIKQAV,1,train
GAE37380,MFRGILEIKKFFKFATAAALSVGLLAACGGQDDAAPAPAEGESEQIGNENAEVELVFWEFGNTGYDALIEQYVADNPHVSINLQNSDMNDLHDNLFTSISAGSGAPDIAMVETGSIERFKGARDAFVNLYDHGANDVEGNFLDWVWRDGESAEGDFMFGLPTDIGPTVMFYRTDVFEEAGFDSTPEAVSELVSTWDDFERVATEINEATGALMADSFELIYNARRDQATQQYFNADNELIVDEHDQIKDGYNYTARLLDQGLVGNIPLWTPEWFSGMGDGSYATMLAPAWMQGVIKDNEPNEGVWSITTMPEGAGNWGGSYLTVPAETEHAEEAYKFIEWLTAPEQQLQAFLGYGLFPSAPAVYEMPDFEGFTDEYFGGIATAQVFGEAAQAVQQVFKGRNFYPVDDEFKEALDNISAGSDPEAEWEAALERINRILERQ,1,train
GAE34285,MDLKPLLGQHHVSAITANAKENYRFYTKVLGLRLVKKSINQDDPSVYHLFYADERGNPGTDLTFFEIPRAGQTYLGTNSISLTSLRVASDASLDYWKNRLEEYQVDHDEIQTKYGRKTLAFRDFEGQRLELVSDQLNEGVAGGKPWDKSPVPVEHGITGLGPVKLTVPNLELTANVLVEAMGYRQKASFLEGEHNVSIFETGEGGTGAEVIVEERADLQRERPGRGSVHHVAFRVESEEELRKWINHLKKLRLPNSGFVERYYFRSLYFRDPNGILFELATDGPGFEGDESFEHLGENLSLPPYFEDQRAEIEAKLKPLDTKE,1,train
GAE36027,MSFQFTLQKVLQYREREKNTVQAKYQEAVDQFEVVATQLYELLKRKEDIEKQAREQVSSGTSIYSLQQSQMKLLRLQHEIQVKQRATQVARENMHVKEQDFISKSIEVKKYEKMKEIKHEQYKAEEKRLELLQMDELSIRLFANR,1,train
GAE36030,MTKAEQAVIHIGDRLPKEVQQQQFIRQFQTLMQRSVFAQSVEGINTLSIKLFPAHLGRLDIQLTQMDGVITAKILTGSATTRELIEAQISQLRQAFIQQQIHVEKIEIAHQLDQEKNDQSDKKQKENESSQDEQEQELTSFEDLLSEASFNEQI,1,train
GAE33264,MHADIPTKSSLMIGLGETKEEIIETMDDLRAANVDIMTIGQYLQPTKKHLKVQKYYTPEEFAEFKEIALQKGFSHCESGPLVRSSYHADEQVNEAQVRAEAKKVTNQ,1,train
PQQ68294,MKEFKTFSQEETIEIGKALGRLLNTGDIVCINGDLGTGKTVFTNGIAKSLGIKEHITSPTFTIVNEYSGRVPFYHFDVYRIADSEEMFEIGFEEYLYGEGIVVIEWADIIKDILPEEVIQVTIKKNLDLGIDARIIEIVFNGSKYRDYKSRLVVGDK,1,train
GAE37412,MKSTHYRLAESIGYKITNSARLVMNRLNKNFKQNNLPVTHEQWAIMIRLWEEDGLTQNKLATMTNKDSPSISRLVNNLIKNDLVTRIPHPVDKRTNLIFLTANGKKMQEAMIEQAQNTVEQISEGIDPKELEIFLKVLEQIDENLKD,1,train
GAE33822,MKFEHIELENKEIKFETLRYAAESIGFIHAGQWDYSRVTFDYKIVNQGDIYYLRVPASAVKGDIPKDDTIVKLLTPMLGKHYYPHGVEYEGEDFPKAIVDKCTKKLELLKKNLEVK,1,train
GAE36830,MKKDIDYYMSLDYSLVVSNKKDGYVLGEVLELPGCHTTADTEEKVLEELKQVMRDYIETKLELGEEIPEPKKYLCRCCNYMSLTSEIHDICPICYWQDDPACWDDPDFTGGANGDVSLRIAQKNYEEFGACEESMLDVVRAPTEKDIKVDVLKKVFIVIRVNKNNNDKVIWKVYKAEVDAKQFCEEMSNDEFKFRYEDWIVK,1,train
GAE35492,MLIQTRTIVVEKGHSNKVVDRFTGESPMDSMAGLIDKTVMINRKKQEHEEVMVMIRWRSVEDWKNWEKSDVHIQGHRQNRGKTPPEYVISTTVNMYEVEAVKEGIN,1,train
GAE33268,MVRKSGSKDKEGQEYTDFSNVETMRNFIIPEQTPEGPYGSPFNKDTPVQGKSTPWEEGQRTYSAFNYEFKSLHQNLPRQFPGAHPTHDDPNKNEEPPYTTNDLT,1,train
GAE34086,MDIQTLFAIQKQLNDRIIEEHHLANQDLFKEKLLAFIVEIGELANETRCFKYWSRKSSSERAVILEEYVDGLHFALTLGLTLETTSVIVPDKHEPKETLTEQFLDIIHLSQRLEHNPQLFQAFLNSFFALGAKLGFTYEEIEGAYLEKNKVNHERQDNGY,1,train
PQQ65806,MQLEYMLLLIIMLIIIPIVAISSNDTAFYIITSIIVAISSLRSFYNNFFGISEEEMDEEDIEFLQEVESQINLDLYKLGQGFQTIKSLIVIVFYIYCAFYLHHFWLKALSVFVIAHWISTLIYNLKKSIDDNSNEKVSVLKRIYMLFVNISALVIITFSTYNKFFQK,1,train
GAE37669,MKKGTIALFLLLILIAIGCSQKYPYAMSEDRYNIFYIAPEDKDDEHFDYFQWFTDFHEENTEVGLLVYDLHLTQETYPSLKAKEAPYFYVLDKKRILLETTDFEEIRNFLVENIK,1,train
GAE33310,MFDGVFNTDYIILMAALLLIAGVVTAKFSTRLGVPALVLFMLVGMLAGSDGIGFIYFDNAKYAQLIGILALVIILFEGGLQTKWSTVKPVTIPALSLATFGVLITSAVVATAAKFILDVTWLEAFLFGAIVGSTDAAAVFAGLKNVNLKERLGATLEAESGTNDPMAVFLTISFIQLLMTDQPNYYLLVGSFFWQMGMGLLIGLALGKIAIYAINRINLDSSGLYPVFAMAFALLTYSVTALVGASGLLAVYVAALVLGNAELTYRHSIFRFNEGFAWMMQILMFVILGLLVFPVQLFQLDIIVRGLILSFILILVARPLAVFISTIGMRFDLKEKLFLSWAGLRGAVPIVLATFPMISGLSNSQLFFNVVFFVVLTSALVQGSTISFFAEKLKLSGAKKETPIHSLELVSIGKANAEVIEVEISEDNALVNLSLAEIMFPKDVLVNAIIRNGNLITPYGETRIFSGDILYVLVSKHSKQQLKNLLDQKRSEDPVLKEAAE,1,train
GAE35991,MMLPKEHGTWLMFFLPYLLGVFLSEPNWLHVPLLIGWFFIFLASTPFLNIFRNSKSKKTMQPWLLGYGLIAIIFLTPIVWLYPALLFVGIFFLPLLTVNMYYIKRKNERNLLNNLSGILTFSLGGVAAFMIGNGGWSNEVFLIFLWVILYFMGSSFYVKSMIRERKNKKFKKMSHVYHSFLLFIPLLLAVPWMSLAYLPGILKDWFTSRATPVKPIILGMVELGNGVLFFAISRVILA,1,train
GAE34820,MFTSTVTPLLDCISDQVQIRPRELWGQLLNGLEYGKTIAIQLAETADERQAINDDFHWLTKQASHDLFNSLKNRLDFPLKEIENPSVPGQMQRMKATCCLYYQTEGSKGKCYTCPRMSVKEREIRKKEIVAEVTQ,1,train
GAE35336,MGQKINPTGLRVGVIKDWESKWYADKDYAVLLHEDIKIREYIEKRLKDASVSKIEIERAANRVNVTISTAKPGMVIGKGGSEVEALRKALNELTGKRVHINIFEIKQADMDAKLVAENIARQLENRISFRRAMKQAIQRTMRAGAKGIKTQVSGRLGGADIARAEHYNEGTVPLHTLRADIDYGTAEADTTYGKLGIKIWIYRGEVLPTKGTKKEEGGN,1,train
GAE34244,MDNLFKAKKLFVEEFNWLLELSFTFMDEEIVFLRKGLFRIEIIERVDIGPVEIHYAFKVPSLHEYLQLFQTQLVEGPYLLENGWSIAVFEIDGRMIELIQLKDMGTGYE,1,train
GAE37532,MAVELTEGATNRYDQAKAVERYFGQGDFIYETQDVPVPAEGQDYVDQFLFETQRGYCDNFSTSMIVLLRTLDIPARWAKGFTQGEMIETLDETRDIYEITNGNAHSWVEVYFPEVGWVPFEPTRGFDANIDFIEPEVEGEEANTEEDLEEESSEPEVEDVFAELQGDDEQLHLVPDK,1,train
GAE36726,MFSKIIDPRVSETDGAGHINNTTIPIWFESGRDEIFKLFTPDLSFARWRCVIIKMEVDYEAQIYYGIPVTIKTWISKIGNSSFGIYEEIHQNGIVRARGKATYVNFNFETQKTERIPDDIRDELKKHLITNV,1,train
GAE33028,MSIKAITQMVERLIDIHEQLIDLAAKKTELIKQNNMKALELLVREESKLAHKLQTTELLRSKTVKTFLLEQGEAKENVTISDVKAFATEEEKQILDQHQDQLIKHVVELKTLNQLNQELIEESLRFVNLSLDLMLPHKEDVSYNPLDHEDRPFEHGRSLFDSKA,1,train
GAE33023,MNRKVAIVTDSTAYISESVRNQHSIKMVPLNVIFGETSYQEELDITTDEFYEKMKSADELPKTSQPAIGQFVTLFEQLADEGYEQVVTIHLSMKISGTFQSAISAGEMVDRIDVFGFDTEISCAPQAYYVLEAAKLAEAGADAKEIIEKLTYMKKTSRAYFMVDDLNHLHRGGRLSGAQLVVGNLLKIKPILHFEEGSIVPFEKVRTEKKALARIVDLLAEDVSKGGSFYATVIHAHRLDGAEALAATIQERFPDVKVDISFFGPVIGTHLGAGSLGLSWQKQYT,1,train
GAE36795,MSQTQKGHLFNLLSVLAVAIGPLLAKFGLLQISPAKAAMINALTIIVASFILGLFTKKRVQFYLKKDMIILALFNSLGVIFLFVSMDLLSPVEIGFIGRFYTVFAVLLSVFILKERLSRKEIIFIICAIVGVFLFVEKGGSYQANLVGSFFALLYTFFFALTNVFIKRVLSEERTSNSILFTNSCTTFFFVGVYALLSGELFDGNYSMEGIGYIVVSSLFSGFIGTLFLYEALKYLRFSVANVTRAFSPVLLAIISFPFFPIDLTFQNITGAIVLLISILLLGLADKKSNKEKAEEPN,1,train
PQQ66975,MKNKFKVILLVFLTVCVLTFTFTGCARPDTDEQNQTETLPERDMPAVPGDDMGRTPTPRTGNRNGNILNNDLDDDLNINETPGVNNGRNTNGLDRETPVQQTNFDKERADKITTQLEKVEGVDEVSVVVNGNTAVVVYTPTDPDKASNETDNMVVEKVKDIDNGITKVEVSRSAAAMTKIRKLIDDIGKNKPMEELNDMFEDLMRIINPQS,1,train
PQQ65477,MKKVKLMVAITMMVCFLMTGVSFAEDGYLDSDYFNSVMDMIEDSYSGDISREELLEGALRGMFDTMDDYTLYYTKEEAEDYLNDIEGTYKGIGISFNRSDEEIVIVKVFKSSPAERAGIKKGDIIKKVDGVDVSNKNADEVASMIKGEEGTTVTLGIVRENMSQLIEIEVVREEIKIEPGEYRIENDIGYIKLETFNSNAKSFINEALKEMDENNIKKIILDLRDNPGGEVGQAVAIAEKFVPIGLITRLEFKSESERDQIYTSKLLKPKYELVVLVNEMSASASEILAGAIQDREAGILVGTKTYGKAKVQSIFPIITPKAYKKYKDEYGTSFINAYDILKKHKFYPPDNEIIGWIKMTVGRYYTPKGRMIDGVGLEPDVFVENVIKGVDVSTISLLSKTDKPGLGSESIDVYNAKKMLVLLGYEVGNMDGFMDEITFKSIAEFQKDSGLYPYGVLDFSTQDVLNAKFQKVIPEQDLQYYQAVKILSSRF,1,train
GAE36204,MIPILSDIALAILLMLPLIIVRVLLSNNKNIVHSSKLAQFCSAIIILNFLLIKISIDMGEFLLTLFWQFLIIYPISVGVIYYLLQTHNREDSSKSLLVAFKRKQQYTLGLMIILCLTILVIGIKDSNQKVLDTHNQLILDLIESDHAMETLVIHTITPSTMLEILPVLHEIKEGEIEVLSLPWKSTVKVTTDTNNGGFNTREFTYVRWYREWKLDGMYRTSGYDRSNN,1,train
GAE36241,MSQEKVSTILNKQIANWSVLFIKLHNYHWFVKGPAFFTLHAKFEELYTEASTHIDELAERLLALKGHPVATMREFLETASIQEASGDQDAEAMVAELVKDFDTLIDELKEGMEAADSLGDETTADMLLAIHQSLEKHNWMLRSFLK,1,train
GAE35742,MNESDLYNHLIELEQTLLKPEVRLSSEALDELLADDFLEFGSSGIVIDKEDCLGEGGVGALKMTLYDFKVSSLAPDVAQTTYRVFDETRNRHTLRSSIWRYRDNKWQMFFHQGTISK,1,train
GAE35650,MTDNVKIREVGPRDGLQNEKVWIDTSDKVEWINQLSETGLSYIELTSFVHPKWIPALADASEVVKAVKKKSSVTFGALVPNERGLERALEANIDEVAVFLSASETHNLKNINKSIKDTIPVLRDVIRGAKSNGKSVRAYVSTVFGCPYEGAVDIYQVKKLAVSLMEQGVDELSLGDTIGVATPKEIINVITEIKKEIKVSQIALHAHDTRGTALANVYAAYLLGVRAFDGAVGGLGGCPYAPGASGNVATEDLVYLLEGLGGKTGIELQSLIESGKWIQSKLGRDLPSHHLQLALATENKEGFKNENTAY,1,train
GAE35046,MNDLPKNLIAIGIGSALGTFSRYSLNLLTLESGYPFGTIIENLFGSLLLGFLTAWFIYFIPKEWVKVGLGVGLCGGFTTMSTLAADATFLYQTSSPFESAIYIGGSLFGGMMFALIGYRSGSLLANRSRQKREVNTK,1,train
PQQ65682,MYKENPELGLDKMFEDTILEMMDGEPFDIYVALFLVFNQLRYEHDGRSSFVIDRDKVLKKLRQTLINNKEKLMNYFEWACGNYEGGAWGEVVRIDELCKEKFNISIL,1,train
PQQ66776,MRISISINELKILCQLLLDKAEKIGFKEIEFDVDNYWFVSSDEREVFNENYPTLSVGSITDDIQSLKKILDKTNPSTPVDFDRLANVLIALGEKISRSDKVY,1,train
GAE35009,MHFEIIPASMQVAVTLQVAEHTPVYELKRIRLADDIPMALETTYIPANLIKGLTEEIISQSIYSYIEDKLQLTIGEATQVIESAIARPNEVELLQLQKGSPILLIERRTYLDNGTPFEVVRSSYRADRYKFVSQLKR,1,train
PQQ67662,MHTGHRKRLKKRFLEEGLDSFEPHQVLELLLFFSIPRRDTNEIAHRLLKRFGSLSGVFEADIKDLMEVNGIGENSAFLISMIPQLSRRYLNDRWRDKPQLNSSSKAGNYAVSLFAGRTYEVFYVICLDAQNRVNYAALVHEGTINEAPIYPRIIVETALRHKANSVILAHNHPGGSLNPSRGDVEATKVIKNALESISIKVVDHIIVCGEKYVSFAERGLLSI,1,train
GAE36068,MSKKATEITTELVLPILEELHLELVDVEFKKEGPNWFLRVFIDSEKGVDLEDCGQVSERLSEKLDDLDPIPQAYFLEVSSPGAERPLKKEKDLQKAVGKNVHITTYEPIDGEKAFEGQLTSFDGEVLQVEVKVKTRKKLYSIPYEKVANARLAIIF,1,train
GAE37155,MISRNETAIPDLVTDIRTNQLSQDLTDDELKLISTFSEEISVQAGQVVLEAGQMQHAFYLIKTGTLDVVENGSKLISPKSQRVAGDFVGVLETTDTPLDTIIAIEPSILIKINVNKLFARNRYQSLQIKLLKKLVKQLNGDQELTKFQTKRYHFLGTLTIYLLCVLSLYTLSLGALKGIVLNSGVSTYVDIVLIGCFAYVMYLLMKKSKLSFETFGVSFKNWQKHVKESIMLTMPILLFFFVLKLALINLIPAFDDIPLFNPGAVLEGVGFSYSVFIGMVSIYILFSIVQEFIARAGLQSTLVEFLPNTKRKLWISIIVSNLLFAMAHSHIGTLFALVTFVPGLYWGWLFARQRSLVGVCVSHMLIGVWVIFILGFTQFIQ,1,train
PQQ68204,MNVEYINPFIEASRTVLKQITGIDAKLGKIFVKTSPYASDNILIIVGLTGKIRGQAVFAMNQYVALDIASSMMGGIETVELDEMSKSAISELANMILGNAATILYNRGIGVEITPPTFLMGENMQISNAKMKTICIPLLLGDNKQMQIDVSIVE,1,train
PQQ66348,MILILKKDKILLMVLILLLSITVYNLKYSLDSKATEPTNAKSLKRTVIIDPGHGGEDPGAVGDNIQLKEKDINLIIGKRLKELLMEDGFNVIMTREEDGLLYKEGTKGYTNKRRQDLLNRKKIMDESEADIVVSIHMNKFPQSQYHGAQTFFPKNSEESKRLAQCIQRSLRDMVDPENKREALVKDTETLILKNIKKPTVIVECGFLSNAEEEQKLSTQEYQEKLAAAIKEGIKKYYGEE,1,train
GAE34198,MKETPITFEPYQISDFTWRVQKVNNWCGGSEIMIEMVDLDGCVSFGDTVREARSHLVESLQLWIKHYGDYSLPEIKEGAHIIYLDPPMEESEFNYINLELKKL,1,train
GAE36969,MKLSILDQAPISKGQSGLEALGNSVQLAQTAEKWGYSRYWVAEHHGFPSLACSAPEVLLGFIGAKTKKIRIGSGAILLPYYKPYKVAEMFHMLATLMPGRVDLGIGRAPGGSAETTNALSETFLKQVWDMPALLKELLHFLDDSFPEDHKFAKVKPMPFPKIAPKPWLLGTSKKSARLAAENGMSYAFGHFMSDLRDGDFIREYKESFIPRKEGDQPEVILTVSAICAETTDQAEDLAIESYLWKLELENDKGISQQLKNRKEIIAKIKEKTLLGTLSELEVQLSQLAKQYEANEIMIVTTTNQFQDRLRSYQLLAQLL,1,train
PQQ65740,MVYDETKKIIIVKNIPSNLVEEAILILKGNSKNGEKGSKDSEYKKNQYIIKEAEEVIKNCVYGKRNLNNLAVGLNLKPNFFKLRMLANAIVNIVMLGSIVLLILMVAKLL,1,train
GAE36708,MIYRAYEPKFLWALLFILTITYAYALEATWLTFVAYGLSFVFFAAMTTSYHIEIKENELARAIKFFGFITFNKTIRAEQIEKLEVIEVGEKTIILLYVEKKMRIKLQRYSPKDFPQQLLEFAQTNNIKVIREGKV,1,train
PQQ67507,MTLKVQKSISVNTLKIFSFELKLYLDFSNLREYYFQAVSNSSWANEGYLVCLEIKDDIELFNELKRLNNAFGIGIIKLNKDDVSQSEILLPAVEKPIWIGIQLID,1,train
PQQ67862,MIINNNYYANVGRISRQNKADLPKRPESRQIGSFEEILKSKTEEKLNVTFSKHAKERLESREIKLTDAQKEKISKAIEKARNKGVRDSLVLMDNMAFVVSVKNNVVITAVNNEELKENVFTNIDGAVIV,1,train
PQQ65749,MKSYRKELVFNVPARRAYINITQQVQDCIDESGVKEGLVLVNAMHITASVFVNDDEPGLHQDFEKWLEGLAPEKPYSQYKHNGYEDNADAHLKRQIMGREVVAAITNGKLDFGPWEQIFYGEFDGKRQKRVLVKIIGE,1,train
GAE34606,MAIRYPNGRKFTGTESSQKQAPKKELTYSNRGMTLEEDLNETNLFYLQRKKAVIHKKPTPVQIVQVDYPKRSAAVIKEAYFKQASTTDYNGVYRGRYLDFEAKETKNKKSFPLQNFHTHQIEHMKQVLAQDGITFVILRFSLTDEVYLLDGKDLIHFYDQKENARKSIRKADIEKLGFLIKIGYQPRIDYLKVIDSVYF,1,train
GAE35133,MIATGTQVKISNIKELPVGIGQVYRVNNEEIAVFRLSNGKVYAIENKSPHPKGGRLADGLVSGEYLFCPIHDWKISLIDGTVQAPDQGKVKSFQVDISNNEGVIYL,1,train
GAE33363,MTYTISDLADEFDISTRTIRFYEEKGLLTPTRTSTGQRVYTKKDRTRLQLILRGKRFGFSLNEIAEMVSLFDLDRTGKKQLEKTLQYGERKIKELTEQIEEMTALRDELEQYQANFKERLQGIEK,1,train
PQQ65582,MSIDLIKSIKEAEDKAEEIKKKSLEDSRQIISDAREKAKKIIEEAEESAEKEAKEIIEKAKISANKEIEKLKEEVSKECDTIKNSSRKNLDKAVEIIIGRIVKPDGNS,1,train
PQQ65684,MKQLKNYDDIYNSLRLDYGGSEFNPATDKCVGVIKFKTPDISEIEIPYSQAMGGNAVAGPPFTGNGFTAATNGQVIPEFLCKDRVALKDGAELYMITKDGAEILVAVYNKVAARFVDILE,1,train
GAE34621,MKQAPMFSLPSQQDGSVWSLEKASSKITMITFWTSWCPDSQKDLLAKQKLFESLHSNEMEMVMIHVSGRDPDVNLSQFLGENHFTFPVLLDEGTKVYDRYHCMGVPTTVLVNTNKDIAFVYHDKSTIMDIMNGVASLLNE,1,train
GAE33570,MFIHNNVHSSWEDFLTTEIIEEIDLIESKVGKELNPTKPEMVLRFLSVDLNKIKIIWLGQDVYPSKGVATGRAFEVGDLASWNEPFRQSSLKNIVRLIHKEYNNINEYRDIKKYSEIKEEIVRGTFKMKSPANWFQSLEDQGVLFLNTSFTCKIGEPNSHKDLWEPFSKKVLEFISSKKPDAIWFLWGKEAKSNKVHLTNGSIYESRHPSRVSESYQDDFLRFEGFRKTMDEVNWLG,1,train
PQQ67558,MGRRAAREMAMKLLYQFEIRKEPIEGQVEDFLARHKFKKENLEYITDVLYGVHRNKEKIDRAIEKYSKGWKLSRISKVDLSILRLAIYEIVFRDDIPLNVSINEAVELAKNYSGEESGAFVNGILGRFQKNSPLPVGSKENEEN,1,train
GAE36291,MKNKQEIGALLLRVVLGIIFIGHGTQKFQGGIENIAGWFDSIGLPGVLAYLVASIELVGGIVILLGLATRIVGGLFVIVLLGAIVTVQLAAGFIGGYAYDLALLAISVYLLLNGSKLYSLDSYIVKRKGDRPFWL,1,train
GAE33418,MQPFFGPPFSSMPMQAPMQGMSQAANMMQGAGPTNAMAGLGSQAARGGGGFLSRILGGLGGLGGGSNAASAPMMGGLSQAAGAGGMNFTTMLTNAQKVLGLGQQVLPMVQQYGPLIRNAPALLKLMRSSDSNSDTTVSPEAQMSTQVPISDENSESHSSSAPTHEQTQYNQLQSDRQHTQHYEIQANKDQTQPFSLEEKPIKRKKNPTLSPTLIKPKTIDGIPAPKLYV,1,train
GAE37350,MFLNKEIPIPIFKVNRQLDIIENSNQVTKIFEPASNFLVLVDEGSQKKVSHLLLEETTRSFETNLRTLTNPISLFQLYVSWEGEGTSGYVVCMEKESDYLLSTQTLHKLREELHSVDFKRYEAELRKEMLPSLLNINLSDLSRLSLNEYAGSLEDIPAKIDTVLDLISVLRPELIEIGKSDYLDLVTTELTSISAIIHYLIAVSPPKGHDI,1,train
KHSE_SULSO,MECKRARAYSSSANLGSGFDILSIAHTAFFDTVEICVENKNLNNIIVESNSKIPLEPNKNSATYPIVKIMEEIGIKASLKVRVIKGIPEGLGLGSSGASAAAAVMAFNNLFNLNLSKEDLVRYAMYGEIASSGSPHPDNVAASVFGGVVSVVSVSPVKVVEIPINYSFDILLFTPLNVHIEEKTKKAREMVPKTVTLSDYINNSRYISSLLLGFIKGERELIRLGLNDKIVEKARLPLFPYYPKIKEVAIKYDAIGACVSGAGPSILVLTDKMTDENKIVEEGTKTCNEFNVECKVIKAKIAGGVGIEGRD,0,train
The534,MSSNPLRFFVLTIFPHIISCYSEYGIVKQAIKKGKVEVYPIDLREFAPKGQVDDVPYGGLPGMVLKPEPIYEAYDYVVENYGKPFVLITEPWGEKLNQKLVNELSKKERIMIICGRYEGVDERVKKIVDMEISLGDFILSGGEIVALAVIDAVSRVLPGVLSEPQSIQEDSFQNRWLGYPVYTRPREYRGMKVPEELLSGHHKLIELWKLWHRIENTVKKRPDLIPKDLTELEKDILNSILSGKSFKEWLKEHKHLL,0,train
COLY_YERPE,MKKSSIVATIITILSGSANAASSQLIPNISPDSFTVAASTGMLSGKSHEMLYDAETGRKISQLDWKIKNVAILKGDISWDPYSFLTLNARGWTSLASGSGNMDDYDWMNENQSEWTDHSSHPATNVNHANEYDLNVKGWLLQDENYKAGITAGYQETRFSWTATGGSYSYNNGAYTGNFPKGVRVIGYNQRFSMPYIGLAGQYRINDFELNALFKFSDWVRAHDNDEHYMRDLTFREKTSGSRYYGTVINAGYYVTPNAKVFAEFTYSKYDEGKGGTQTIDKNSGDSVSIGGDAAGISNKNYTVTAGLQYRF,0,train
CCA_SULAC,MSVEEKVLELIRPDDKDRERLEKVAEEVLSRLKGFDAQIQGSFRKGTWLKGDTDIDIFVFYPKEVGKEYLREKSLKELIQLFQDLNYEIAFAEHPYLILKINNVEVDVVPALKIDSGEDVITAADRTPFHTKFVTTHLDEKGKDEVRLLKQFMKGIGVYGAEIKVKGFSGYVAELLTIYYGNFRKVLESAKTWKPPIKLNLVEPKRDFDEPLQIPDPVDPKRNTASAVSLRNIAVFSLASKIFIERPSIEFFFPTEIKAEEIIGDILLIKVEFKEKSVEDIIWGQVWKNVEKLKNAIKTAGFSLIDIGAWGNSQTVKIAVQIEDKNISRYYLNQGPYFYVNGVDNFMRKNKYVWVGEDGRLYSLKKRRETNLEKIVLNNLSFKENFSVEMTWLSEINQDDKELHKFLRKRPTWMQT,0,train
TRM1_PYRAB,MVITLELVEVLEGKAKILTPKAESIYDAPVFYNPRMALNRDIAVVLLNVLKPRIVLDALSATGIRGIRFALETPAEEIWMNDISEDAYNLMKKNVLLNFKGELEESNGRAVLKSEKTLVVNHDDANRLMAEKHRYFHFIDLDPFGSPMEFLDTALRSVKRKGILGITATDGAPLCGAHPKACMRKYLAVPLRGELCHEVGTRILVGVVARYAAKYDLGIEVILAYYKDHYFRAFIKLKDGARKGDESLENLGYIYFDESTGKFEVERSFLPSKPNAYGPVWLGPLKSQEIVEEMLEISQQLSLARKKQAVKLLKILKDELDVPLFYDTHGLGRRLKIEARKIEEIINELRSLGYRASRTHFSPTGVKTDAPYEVFVNVLSSAK,0,train
Mes269,MSDFTLNGIKVEDTFAEAFDVAGTAIIVTNDTPKWAMIAATVMTGFATSVIGCGAEAGIDAELSPDETPDGRPGVRILLFGFEPNGLKDQLLKRVGQCILTCPGTACFAGVEGPTKIKLGGAIRYFGDGFAVAKRLPDHEGKMRRYWRIPVMDGEFLCEDSVRAVDGAVGGGNLLFLGRKHADTLIVAEIAVEAAKAIPGAILPFPGGIVRSGSKVGGRTKGMMASTNDAYCPTLKGRAGSALPPECGVVLEIVIDALTSAAVAESMRAALHAATEIGAQHGLVAVTAGNYGGNLGRHHYHLRDLLEKPAA,0,train
COFE_ARCFU,MRVEVFPVEGLPLIKEGDDLAELISSRVRFEDGDVLVVCSTVISKAEGRIRRLEEFNPSERAKEIAARIGKPAEFVQAVLEESEEVLLDFPFLLVKAKFGNVCVNAGIDASNVEEGSLLLPPLDPDGSAEKLRRRILELTGKRVGVIITDTNGRCFRRGVVGFAIGISGVKAMKDWIGRKDLYGRELEVTVECVADEIAAFANLLMGEGGDGIPAVVVRGLNVAGEGSMEEIYRSEEEDVIRRCLKRCL,0,train
DNAJH_SYNY3,MASTDFKDYYQILGVTKTASEAEIKKQFRKLALKYHPDKNPGDKAAEEKFKEISEAYEVLSDPEKRQKYDQFGRYWQQAGTAGQPSGSYGPGVGVDFGGFDFSQYGNFDEFINELLGRFNTPGGGGQRTSYSYSTGGPGFNDFGGFGNAQAPAGDREATLQLTLAEAFRGVEKRLNLGEEMVTVRIPAGAKNGSRVRVRGKGMASPYGQRGDLYLNLQLTPHPFFQFEGDNLVCELAIAPDEAVLGADISVPTPDGMVRMKVPAGVKSGQSLRLKGKGWPNPKQGRGDQLVRLIITAPKNPSAIERECYEKIQAQRTENPRQAVEKYANLLA,0,train
Mes133,MKNINADDTYRIINKIKACRSNNDINQCLSDMTKMVHCEYYLLAIIYPHSMVKSDISILDNYPKKWRQYYDDANLIKYDPIVDYSNSNHSPINWNIFENNAVNKKSPNVIKEAKTSGLITGFSFPIHTANNGFGMLSFAHSEKDNYIDSLFLHACMNIPLIVPSLVDNYRKINIANNKSNNDLTKREKECLAWACEGKSSWDISKILGCSERTVTFHLTNAQMKLNTTNRCQSISKAILTGAIDCPYFKN,0,train
RFAPS_METJA,MIIQTPSRIHMGLIDLNGSIGRVDGGIGLALEEPNIKIEGKESDDISIEFDKKLIEKYGEDYIKSVRDRVYNTAIKVLDVIGGEGVDLKILSLFPAHSGLGSGTQLSLAVGKLISKIYNKEMNAYNIAKITGRGGTSGIGIGAFEYGGFLIDGGHSFGKGKDKEDFRPSSASKGVKPAPIIFRHDFDWETILIIPKGEHVYGKKEVDIFKKYCPVPLNEVEKICHLVLMKMMPAVVEKNLDDFGEVINKLQYLGFKKVELSLQSDIVKDLINELHKDVYAGLSSFGPTIYAFGDKKLIVEKANDIFDKYGVYGEIIITKANNVGHKIW,0,train
MRAY_DEIRA,MMVVAALLSWFLLGLFIHYSKKFGWGQPIRQDGPQTHLAKEGTPTAGGVAFVLALLLVFVGLLAFGGIGQANLSREVMILLAALGMGVVGGIDDFLKIRSRKFGGKKELLAREKFPLQVLVALLFAGFAAPLASHQLLPGFMSIGGYPIFDMLFIAFVMVGSVNAFNFTDGLDGLLAGVGMIVLLPLVAVSPIAALMVAVLLGFLWFNAHPARVFMGDMGSHAIGAVAAGAYALYSDVWLLPIAAIIPVAAVLSVVIQVASVRLRKRKVFKMSPIQHHFELSGWPETHVTLRFWVVTGIATALTWWLMGGRP,0,train
RNC_BACHD,MPHSKNQRKHRHHSHSERRRQPKRLTLTAKQQQMFDELLRTLNLTFANKKLLVQAFTHSSYVNEHRIQSCKDNERLEFLGDAVLELAVSQYLYKAFEQMSEGDMTKLRASIVCEPSLAQLAEELHFGELVLLGKGEEMTGGRKRPALLADVFESFVGALYLDQGMDAVYLFLERTIYPKISEGAFSHMMDFKSQLQEFIQRDNLGHIHYEIVQERGPAHNREFVSEVVLNNETLGVGTGRSKKEAEQHAAQQALITLSQKKEQ,0,train
Mes990,MIVQIGRREEFDKKLLGEMHKLRAQVFKERKGWDVSVIDEMEIDGYDALSPYYMLIQEDTPEAQVFGCWRILDTTGPYMLKNTFPELLHGKEAPCSPHIWELSRFAINSGQKGSLGFSDCTLEAMRALARYSLQNDIQTLVTVTTVGVEKMMIRAGLDVSRFGPHLKIGIERAVALRIELNAKTQIALYGGVLVEQRLAVS,0,train
FHCC_METEA,MSTLRLRGDLPERVDLLNITPLALSGLSEAEAGKLAIGTSRRGLTLGDVFEISLDGSDSLVIEGGSARLDRVGAALSQGSIRVEGDVGQRLGEGMAAGSLTVTGSAGPYAGTGATGGTITIEGDAGDHAGGAVYAAKAGLDGATLVIKGAAGDHLGDRMRRGMILAGSAGAFAASRMIAGTIVVSGALGDHPGYGMRRGTLIAGSHGTLLPTFVETGTPDLVFVRLLAQSLKHLGAAQASLLSGTLRRYSGDLATLGKGELFVPA,0,train
IPA4_SHIFL,MKPINNHSFFRSLCGLSCISRLSVEEQCTRDYHRIWDDWAREGTTTENRIQAVRLLKICLDTREPVLNLSLLKLRSLPPLPLHIRELNISNNELISLPENSPLLTELHVNGNNLNILPTLPSQLIKLNISFNRNLSCLPSLPPYLQSLSARFNSLETLPELPSTLTILRIEGNRLTVLPELPHRLQELFVSGNRLQELPEFPQSLKYLKVGENQLRRLSRLPQELLALDVSNNLLTSLPENIITLPICTNVNISGNPLSTHVLQSLQRLTSSPDYHGPQIYFSMSDGQQNTLHRPLADAVTAWFPENKQSDVSQIWHAFEHEEHANTFSAFLDRLSDTVSARNTSGFREQVAAWLEKLSASAELRQQSFAVAADATESCEDRVALTWNNLRKTLLVHQASEGLFDNDTGALLSLGREMFRLEILEDIARDKVRTLHFVDEIEVYLAFQTMLAEKLQLSTAVKEMRFYGVSGVTANDLRTAEAMVRSREENEFTDWFSLWGPWHAVLKRTEADRWAQAEEQKYEMLENEYSQRVADRLKASGLSGDADAEREAGAQVMRETEQQIYRQLTDEVLA,0,train
CLPX_THEMA,MAGKFCSFCGRDIQQVERLIAGPNNVYICNECIDLFHDLLRSDRKVRIKNEIKEIPTPAEIKAELDKYIIGQERAKKVLSVAVYNHYKRVFSNLDSNDVEIEKSNVLLIGPTGTGKTYLARILAKILNVPFAIADATPLTEAGYVGEDVENVVLRLLEAANFDVERAQYGIIYIDEIDKIAKKSPNPSITRDVSGEGVQQALLKILEGTIANVPPQGGRKHPYQEFIKVDTRNILFIAGGAFDGLEEIIKRRIQSTTMGFGAEIKSKKEMRLGEILKHVTPDDLVQYGLIPEFVGRFPVIATLDDLSEDDLVRILKEPKNAVVRQYQKLFEIDGVKLEVTDEALRIIARKALKRGTGARALKNVFEEMMIDMMFELPNLKNVEKVVITEEVALGKEKPIVVMRESA,0,train
Mes151,MRRDWQNFLMACGIKNFDDSELNPLDITIAVYENEEIIGTGSIAGDVIKYVAVQETTMSGHSTLFNQLMTKLENFMAVEGRFHQFVLRNQFTKKVLNTLASKRWLSVNKEFCWKKDYQILRNTCQQFPSQTPIDKVASVVINANPFTNGHRFLIEEASRNNELVYVFVLNQEASLFHTDERIALVKAGVQDLSNVIVVNGGAYIISYLTFPAYFLKHNDSAIDYQTTIDVRLFKYKIASALGITSRYVGSEPLSHTTNLYNQKLISELNPQIEVHVIQRKLAAGDLGVISARTVREAIDKGDEAVWQKMVTETTQHFISNNLLELQQRIRKGQKINGN,0,train
MRAY_RICPR,MLYNLLLPHIHNSHIANLFHYITFRSGLAIIITLSISFVTGPILIKFLRSLQKYGQPIRSDGPESHKTKAGTPTMGGIMIILSSCLSTLLLADLTNKYIWITLFGFISFGIIGFMDDYAKVKRNNHYGVRGKSKFLLQGIISLIIYVLLEYLDKNFSHLLNVPFFKNLSLDLNYFYMVFAIFVIVGSSNAVNLTDGLDGLATVPIAFTAGSFALISYLVGNLIYANYLQLTYIPNTGELTVLCAGLVGSCLGFLWFNAQPAEVFMGDTGSLSLGGVLGIISVITKHEIVLAIIGGLFVIETTSVILQVYYFKATKGKRIFKMAPLHHHFEKHGWAESKVVIRFWIISVIFSLIGLSSLKLR,0,train
AROD_LACLA,MRKTKIVVPIMLTELAELEKVSVSDYRTADIVEWRADFLSADEILEMAPKFFEKFKESKILFTLRTVREGGNIQVSEKKYLQILKEILTYNPAYIDVEFFTHGPSFAALKDFRDKMVLSYHNFDEVPSDLTNRLIKMHEEGTAFVKVAVMPERECDVLDLLQITRDMTLEYGDHFISMAMGDLGRLSRISGYLTGSCWTFASLENSSAPGQISLKETEYILDILEK,0,train
HIS5_ARCFU,MIAIVNYGVGNLKSISKALETVGAKVSVTSDPEKIKCASGVVFPGVGAFKSAIEKLNLIRDVIDSLEVPILGICLGMQLFATESTEGGVYRGLDYIPGRVVRFPPSVGKVPHMGWNTLKITREAEILDGVESGEFVYFVHSYYMQTDDEFVISKTDYGIDFPSGVERENYIGFQFHPEKSGKVGLRILENFVNIVKR,0,train
MVK_SACS2,MMVEAKVPLKLTLFGEHAVVYDRPAIAMTISESLKVKVSENDKFLIISPSLNIKGVKLDLNEMKIESDEAKKVLRYVFEVLNYFEMKKPVKIEINSTVEPSVGLGTSAAVIVGTVAAYSKYLGIDLSRDEIAKISHNIELKVQGIASRMDTYTETYGGLIYFPAGGKGFEKIDTNFELTAGYIRRSMSTADVLWRVRTLKESNKEVFENILDVIGEITNRAKSLIVEQNFEELGLLMYVNHGLLFSLGITSPEADEIVSRAKQLGIKGCKISGGGAGGSIICIKSVEAEVLLRSYNARIVNSTLTKDGVIFSIL,0,train
PTLY_THEMA,MLMRFSRVVSLVLLLVFTAVLTGAVKASLNDKPVGFASVPTADLPEGTVGGLGGEIVFVRTAEELEKYTTAEGKYVIVVDGTIVFEPKREIKVLSDKTIVGINDAKIVGGGLVIKDAQNVIIRNIHFEGFYMEDDPRGKKYDFDYINVENSHHIWIDHCTFVNGNDGAVDIKKYSNYITVSWCKFVDHDKVSLVGSSDKEDPEQAGQAYKVTYHHNYFKNCIQRMPRIRFGMAHVFNNFYSMGLRTGVSGNVFPIYGVASAMGAKVHVEGNYFMGYGAVMAEAGIAFLPTRIMGPVEGYLTLGEGDAKNEFYYCKEPEVRPVEEGKPALDPREYYDYTLDPVQDVPKIVVDGAGAGKLVFEELNTAQ,0,train
Y1410_THEMA,MSHLKNILFIIIVSLFFISSCSTVMSTEGWFMPFDNWLYQLQNADPVEISSSGFEIAVIDYSKDGSESGEYSPEEIKIMVDAGVVPVAYVNIGQAEDYRFYWKESWYTNTPEWLGEEDPAWPGNYFVKYWYNEWKEIVFSYLDRVIDQGFKGIYLDRIDSFEYWAQEGVISRRSAARKMINFVLEIAEYVRERKPDMLIIPQNGENILDFDDGQLASTVSGWAVENLFYLKTIPLEENETKSRLEYLIRLNRKGKFILSVDYVDDGSDSFENISRILDYYEKAKRNGCIPYAARSDLELDEMNVIEGIQPPEALKDYESRTYR,0,train
FIXA_SHIFL,MKIITCYKCVPDEQDIAVNNADGSLDFSKADAKISQYDLNAIEAACQLKQQAAEAQVTALSVGGKALTNAKGRKDVLSRGPDELIVVIDDQFEQALPQQTASALAAAAQKAGFDLILCGDGSSDLYAQQVGLLVGEILNIPAVNGVSKIISLTADTLTVERELEDETETLSIPLPAVVAVSTDINSPQIPSMKAILGAAKKPVQVWSAADIGFNAVDAWSEQQVAAPKQRERQRIVIEGDGEEQIAAFAENLRKVI,0,train
RL1_SULTO,MKNMLASKDSLVEALKVALNPENNPKRNFTQSVELIVTFKGIDMKKGELKLREIVPLPKEPSKPRKVLVIPAFQQIESAKKAEPNVLLTKEELQKLQGQKRAIKKLARQNDWFLVAQDSMALVGRILGPALGPRGKFPTPLPNAADITEYILRFKRSTLVKTKDQPHVQVFIGTEDMKPEDLAENALAVLNTIENKAKVEANLRAIYVKTTMGKIVKVELKK,0,train
APE1_AERPE,MDGYALFYLVGALRDGSVYRYSRNYYVIWYSSNKDYLERVIVSKLRILGFHNVRVYQYKRGAYRVRISSKQLFHILVNQFEHPLSTSSRKTPWPTPQRVKDGPLALQIEYVKGFVDAEGSVIKSSKGVQVDVSQQIMEPLKFLAQVLEKVGVKVTGIYLGSDGVWRLRIASLASLRRFAHYIGFRHPCKSKKLNELLGRPLPGPSKLKGIGGGAPQGVEPAA,0,train
COBS_PYRAB,MRNILPFLTRIPVKGDFEKARNELWAFPLVSLVSSIIPIAILYLRIPLANVLALLSLYFVIGLLHLDGLADWADGIMVKGDRERKIKAMKDLNTGIAGVFAVVVVLFLQVYSLSMLPFYAIYIAELNSKFSMLLGLATKKPLGQGLGAYFMEGMNGRQLAIGVVLYVLLYLPVVIYDPSALFGVMGLVFAWYVIRLSLENFGGINGDCLGAMAEITRAGTLVILSFSLCFTT,0,train
The616,MDERDALRISREIAGEVRKAIASMPLRERVKDVGMGKDGTPTKAADRVAEDAALEILRKERVTVVTEESGVLGEGDVFVALDPLDGTFNATRGIPVYSVSLCFSYSDKLKDAFFGYVYNLATGDEYYADSSGAYRNGERIEVSDAEELYCNAIIYYPDRKFPFKRMRIFGSAATELCFFADGSFDCFLDIRPGKMLRIYDAAAGVFIAEKAGGKVTELDGESLGNKKFDMQERLNIVAANEKLHPKLLELIK,0,train
FABD_SYNY3,MKTAWVFPGQGSQAVGMGVDLLSTAIAKEKYQQAEEILGWSVVEKCQGDEASLALTQNTQPCLYVIEAILADLLRDKGFQPDYVAGHSLGEYSALYAAGVFDFATGLQLVKQRSEVMASASGGMMAALMKFDQTQLQQALTDNTEVVLANDNSPEQVVISGTVAGVEAILANVKARRAVPLKVSGAFHSSFMAQPSQSFAQTLTACHFNDATVPVLSNVDPSPTQNGDRLKEKLIQQMTGSVRWRETMVNLGEIGATDYWEVGPGKVLTGLCKRTCPDLNLKNIGQLDDLNSL,0,train
EF1A_AERPE,MAEKPHMNLVVIGHVDHGKSTLVGHLLYRLGYIEEKKLKELEEQAKSRGKESFKFAWILDKMKEERERGITIDLTFMKFETKKYVFTIIDAPGHRDFVKNMITGASQADAAILVVSARKGEFEAGMSTEGQTREHLLLARTMGIEQIIVAVNKMDAPDVNYDQKRYEFVVSVLKKFMKGLGYQVDKIPFIPVSAWKGDNLIERSPNMPWYNGPTLVEALDQLQPPAKPVDKPLRIPVQNVYSIPGAGTVPVGRVETGVLRVGDKVVFMPPGVVGEVRSIEMHYQQLQQAEPGDNIGFAVRGVSKSDIKRGDVAGHLDKPPTVAEEFEARIFVIWHPSAITVGYTPVIHVHTASVSSRIIEIKAKLDPKTGQVVEQNPQFLKAGDAAIVRFKPVKPLVVEKFSEIPQLGRFAMRDMNRTVGIGIVTDVKPAKVDIKAK,0,train
DGC_VIBC3,MKNWLCQAVRGEPMIELNRIEELFDNQQFSLHELVLNELGVYVFVKNRRGEYLYANPLTLKLFETNAQSLLGKTDHDFFHDDQLSDILAADQQVFETRLSVVHEERAIAKSNGLVRIYRAVKHPILHRVTGEVIGLIGVSTDITDIVELREQLYQLANTDSLTQLCNRRKLWADFRAAFARAKRLRQPLSCISIDIDNFKLINDQFGHDKGDEVLCFLAKLFQSVISDHHFCGRVGGEEFIIVLENTHVETAFHLAEQIRQRFAEHPFFEQNEHIYLCAGVSSLHHGDHDIADIYRRSDQALYKAKRNGRNRCCIYRQSTE,0,train
THGA_LACLA,MPKLESYKRVHTEELYFPNDQKLWKEQQEALVLLEKFNQTSVTQPEQQMELLKKMFSEIGENCFIQPPFYANFGGKNVHFGTGIYANFNLTLVDDTDIFVGNHVMFGPNVTIDTATHPVSPDLRKRGAQYNKKVYIEENVWLGAGVIVLPGVRIGKNSVIGAGSLVTKDIPDNVVAFGTPCMVKRKINDSDFKTYDHGKKIDLDEFI,0,train
QUEA_RICPR,MKLSDFDFNLPSALIAQYPSSERDNSDLLIAGTKHIKTKFYNIIDYLKKGDLLVFNNSKVIKAKLHLGKNITINLNKKLSDNCWIAFAKPARKLNIGDEFYFDTHKIIITEKLAIGEIKVKFMLDNISIIKFLDKYGEIPLPFYIKRPSPVCYSNMALCCKPENTLKIKSIPHNMSKIVTNNSNTVNLRSNDGIIDSTNDNDRYQTIYSQIEGSVAAPTAGLHFTKNILDKLKTKGVHTAFVTLHVGAGTFLPVKTENIHEHKMHTEYCSITTETAEIINKTKQEGRSIIAVGTTTLRTIESACNNGIVRAGNFETDIFITPGFNFQVVDMLLTNFHFPKSTLFILICAFAGFKEMHALYKYAIKEKMRFFSYGDATLLYRKV,0,train
GATB_SYNY3,MTATAVKTDYEAIIGLETHCQLNTASKIFCNCSTDFDSPPNTNVCPVCLGYPGVLPVLNEEVLAAAVKLGLAINGQIAPYSKFDRKQYFYPDLPKNYQISQFDLPIVEHGSLEIELVDKKTKEITRKTIGITRLHMEEDAGKLVHAGSDRLAGSTHSLVDFNRTGVPLLEIVSEPDLRTGQEAAEYAQSLRQLVRYLGISDGNMQEGSLRCDVNISVRPVGQKEFGTKVEIKNMNSFSAIQKAIEYEIERQIKAIADGEEIYQETRLWEEGSQRTISMRKKEGSSDYRYFPEPDLPPLEVSEQQKQTWFATLPELPSAKRARYEQKLGLSAYDARVLTEDRDVALYFEEAVNAGADPKAVANWVTQDIAAYLNNNRLTISGLALKPSALAELIDLITKGTISGKIAKDILPELLEKGGSPQKIIEARGLVQISDPDELTAIIQAVIADHPKELEKFRSGKGNMQGFFVGQVMKRTGGKADPKLTNQLIGKLLAQA,0,train
PLY1_PECAS,MKYLLPSAAAGLLLLAAQPTMAANTGGYATTDGGDVSGAVKKTARSLQEIVDIIEAAKKDSSGKVVKGGAFPLVITYNGNEDALIKAAEANICGQWSKDPRGVEIKEFTKGITILGTNGSSANFGIWVVNSSNVVVRNMRFGYMPGGAKDGDAIRIDNSPNVWIDHNEIFAKNFECAGTPDNDTTFESAVDIKKASTNVTVSYNFIHGVKKVGLSGSSNTDTGRNLTYHHNIYSDVNSRLPLQRGGQVHAYNNLYDGIKSSGFNVRQKGIALIESNWFENALNPVTARNDDSNFGTWELRNNNITSPSDFAKYKITWGKPSTPHINADDWKSTGKFPAVSYSYSPVSAQCVKDKLANYAGVGKNQAVLTAANCK,0,train
PPNK_AERPE,MTEALELGDCLLSGAVGLVVKRRSGIAEDVARLVVKELVESGVEVLVDETVDYPSLSGFPRFSISRDPPGRVVVVGGDGTLLRTFLRLGERESPLFMTIKAGKKGFLLDVERYEAVERLRDFLEGRFREVVYPRYRVYLEGEARACMFNDTAVTANNAKMARVHVFVDGDLAMNIDGDGVVVSTTAGSTAYSLSGGGPIIDPRLDVIVLTPLNPVQLFLRSIVVPSGSRVTVEASVYSNPLVVNIDGQYVYELEPGGIVDIERCGSGVRIARFRWWEDYYERLYTRLLAYW,0,train
LASA_PSEAE,MQHKRSRAMASPRSPFLFVLLALAVGGTANAHDDGLPAFRYSAELLGQLQLPSVALPLNDDLFLYGRDAEAFDLEAYLALNAPALRDKSEYLEHWSGYYSINPKVLLTLMVMQSGPLGAPDERALAAPLGRLSAKRGFDAQVRDVLQQLSRRYYGFEEYQLRQAAARKAVGEDGLNAASAALLGLLREGAKVSAVQGGNPLGAYAQTFQRLFGTPAAELLQPSNRVARQLQAKAALAPPSNLMQLPWRQGYSWQPNGAHSNTGSGYPYSSFDASYDWPRWGSATYSVVAAHAGTVRVLSRCQVRVTHPSGWATNYYHMDQIQVSNGQQVSADTKLGVYAGNINTALCEGGSSTGPHLHFSLLYNGAFVSLQGASFGPYRINVGTSNYDNDCRRYYFYNQSAGTTHCAFRPLYNPGLAL,0,train
RF1_MYCGE,MDFDKQLFFNVEKIVELTEQLEKDLNKPNLSFEQIKVINKELKHKQPLIVKFKELQKLVENANEAEQILNNSSLKELHEEAKKELEKIKASLPSLEEEIKFLLLPVDENNQKNVIVEIRPAAGGDESCIFLSDLFNMYKNYCTSKNWTVELNEIIPASVGINFVSFAVNGTDVFAKLKFESGVHRVQRVPLTEAKGRVHTSTVTVAVLPQLEEVEITINPSDLRIDTYRASGAGGQHVNRTESAVRITHLPTGIVVACQEGKSQFSNRDKAMKMLRAKLWENAQNKQLSTQADLRKSQVGSGERAEKIRTYNYPQNRITDHRIKLTINKLNTVILGDLDEIIEALQADEKKQQLEKFIS,0,train
ARNB_YERPS,MQSFLPFSRPAIGSEEINAVANVLGSGWITTGPQNHQLETDFCQIFGCKHAIAVCSATAGMHITLLALGIGPGDEVITPSQTWVSTINMIVLLGAEPVMVDVDRDTLMVNAAAIEAAITPNTKAIIPVHYAGAPCDLDALRQISQRHGIPLIEDAAHAVGTRYRDQWIGEQGTAIFSFHAIKNITCAEGGLVATDDDELAARVRRLKFHGLGVDAFDRQIQGRSPQAEVVEPGYKYNLSDIHAAIAVVQLRRLPEINARRQALVASYHKALAHLPLQPLALPHYSHQHAWHLFMVRVDEERCGISRDQLMACLKDMGIGSGLHFRAVHSQKYYRERYPHLCLPNTEWNSARLCTLPLFPDMLDSDIERVANALTTIIGSHRVTK,0,train
ARE29957,CRSTIYAECDDMFAYAINAKTGKLIWRSSPVANTLMGNPLVVGNHVYLSAGSVSFNFANVMEYKKDPEKAGRGKDISYNGVFCLNRKTGKLEWSFKTAGDAMPTPAYADHSLFISTGDGNIYRISSTDGKPEWKTHVGGIANMSSPVVMGGRVYVSMSVIPGLYSLDIHSGKVIWKGEIPGAVNTGMGDVSPAAADGIVVMDTVANAKIVDGKPTMETIVRAFNGKTGQVLWTDNLGRGPKIPAFKGGVPMIHDNMVYVGSPVTSDYTAIDLHTGQVKWTWKVPNPGPAGAGRGAPTYYQGTLYISTGPDIYAVNPKNGHLIHSYHVGGRFGIVNPTIVGGTMNL,0,train
RPIA_PYRHO,MNVEEMKKIAAKEALKFIEDDMVIGLGTGSTTAYFIKLLGEKLKRGEISDIVGVPTSYQAKLLAIEHDIPIASLDQVDAIDVAVDGADEVDPNLNLIKGRGAALTMEKIIEYRAGTFIVLVDERKLVDYLCQKMPVPIEVIPQAWKAIIEELSIFNAKAELRMGVNKDGPVITDNGNFIIDAKFPRIDDPLDMEIELNTIPGVIENGIFADIADIVIVGTREGVKKLER,0,train
RPE_MYCGE,MATKVVFSLLPLLNRFDKSLLESYFQDGLRLIHYDVMDQFVHNTAFKGEYLDELKTIGFDVNVHLMVEQIIPQINFYLSQPNVKRISFHVEPFSFAKIKELIQLVKENGKEVGLAFKFTTNLQLYQPFFTTIDFITLMSVPPGKGGQAFNEAVFTNLKIANHYNLKIEIDGGIKVNNIDQIKAFVDFIVMGSGFIKLEQWQRQKLLQTI,0,train
KTHY_RICPR,MNKLTQGKFITFEGVDGIGKSTQSKMLYEYLKSQKIPVILTREVGGTTVAEKMREILVNEELLPMSELLQAMAARYDHMARKIIPALKDGYIVICDRFIDSTACYQGLELENGIDLVYSLHKTLMPSLMPDITFFIDVEPHTAIKRVNARNMSNKFDIRSIDFYKKIYTCFKELSNRFPERIKTIKASHLSPLEVHELIQKHL,0,train
IF6_AERPE,MSNGGSFTVEKLSLYGNPNIGVYLTASDSYVLAPDDIGADDVRTISEVLGVAMERVVRLRVLGMRLVGVLTTGNSRGILLPEGVDREVELVRKALEGVEVGIVPTRSNALGNVIVCNDRACLASPGLEKEALKTVSDTLGVEVVEGSVAGVYTVGSAIVVTNRGGLAHPDASEEELKFLSDVFKVPFEAGTINFGVEFVRTGLVANSYGALVGEDTTGPEIARIQVALGGGVK,0,train
PSB_METJA,MDVMKGTTTVGLICDDAVILATDKRASLGNLVADKEAKKLYKIDDYIAMTIAGSVGDAQAIVRLLIAEAKLYKMRTGRNIPPLACATLLSNILHSSRMFPFLTQIIIGGYDLLEGAKLFSLDPLGGMNEEKTFTATGSGSPIAYGVLEAGYDRDMSVEEGIKLALNALKSAMERDTFSGNGISLAVITKDGVKIFEDEEIEKILDSMKAKPKKKTTKRSRRKSK,0,train
The263,MRKYYYWILLLLFLILSIYIKLIGGEQNIGFNVELFKLINYNQIATLNGLMVFLSKYGREYVWIPVTALLLIFKRTRKIGITLVISFVIAIVLGEVSKYVMAQLRPFNFVNPTYLLEPKPTDYSYPSGHALIVSTGAVTLLLTSPKWMWILGIIEAVLVSYSRVYVGVHWPLDVIAGWLLGSWISFLSVQIESTGPIKKIEQMLKA,0,train
The1123,MEGIRRAAQRAVEEFLQAFPMGPGSLFVLGGSTSEVLGERVGTRPSLEAAHAVLEGLLPPLLERGVHVAVQACEHLNRALVVERETARAFGLEEVAVFPHPKAGGALATAAFLRFQDPVVVESLKAQAHGGMDIGGVLIGMHLRPVAVPLRLSVRKIGEAVLLAAKTRPKLVGGARAVYTREEMLKKLEEFLPKPP,0,train
MOBA_AQUAE,MRTFTWRKGSLSKVNTCYVLAGGKSKRFGEDKLLYEIKGKKVIERVYETAKSVFKEVYIVAKDREKFSFLNAPVVLDEFEESASIIGLYTALKHAKEENVFVLSGDLPLMKKETVLYVLENFKEPVSVAKTEKLHTLVGVYSKKLLEKIEERIKKGDYRIWALLKDVGYNEVEIPEELRYTLLNMNTKEDLKRILAIENHY,0,train
RRP41_ARCFU,MSEFNEKPEKLIVDGLRLDGRKFDELRPIKIEASVLKRADGSCYLEMGKNKVIAAVFGPREVHPRHLQDPSKAIIRYRYNMAPFSVEERKRPGPDRRSIEISKVSKEAFEAVIMKELFPRSAIDIFVEVLQADAGSRTACLNAASVALVDAGVPMKGMITSVAVGKADGQLVLDPMKEEDNFGEADMPFAFLIRNGKIESIALLQMDGRMTRDEVKQAIELAKKGALQIYEMQREAILRRYIEVGEEMDEITEGGEDA,0,train
UPPP_METKA,MREIELWTAVLAGVVQGITEWLPISSEGQATMTMMKVLGIPPSTAMDLALWLHAGTLLAVLLRFGVPYWLTVRDLLMGGPWRRLGLFAIVATVCTAVVGLPVYKVLKGIFSAATGDAVQMAIGGALIVTGLLLRISPEGLRDRREVNVVDAVIVGLGQGFSVIPGISRSGTTMALLLWRRFDGGEAVWLSFYLAGPAMLGATALELKEGLSAATKMGTSWMVTAIGVSFVVSLICMEVLLRVARRLDFSKVCLLLGGIALLVPLAAKML,0,train
DP2S_PYRAB,MDELVKALERAGYLLTPSAYYLLVDHFKEGKFSLVELVKFAKSKGVFIIDGDLAYEFLQFLGLGVPQEIKESYISTGEEAEKTVESQETRASELEEGGVSQVSSGELQELKEESPEISTTEEEIGGLELVQSSISTGSEVEYNNGENGESVVVLDKYGYPILYAPEEIGEEKEYSKYEDVVIEWNPSVTPVQIEKNYEVKFDVRQVKLRPPKVKNGSGKEGEIIVEAYASLFKSRLSKLKRILRENPEISNVVDIGKLNYVSGDEEVTIIGLVNSKRETNRGLIFEVEDKTGIVKVFLPKDSEDYREAFKVLPDAVVAFKGFYSKKGIFFANKFYLPDVPLYRKQKPPLEEKVYAILISDIHVGSREFCEKAFLKFLEWLNGHVESKEEEEIVSRVKYLIIAGDVVDGIGIYPGQYSDLVIPDIFDQYEALANLLANVPEHITMFIGPGNHDAARPAIPQPEFYKEYAKPIYKLKNAIIISNPAVIRLHGRDFLIAHGRGIEDVVSFVPGLTHHKPGLPMVELLKMRHLAPTFGGKVPIAPDPEDLLVIEEVPDLVQMGHVHVYDAVVYRGVQLVNSATWQAQTEFQKMVNIVPTPAKVPVVDVESARVVKVLDFSGWC,0,train
KTHY2_SULTO,MKKGVLIAFEGIDGSGKSSQATLLKDWIELKRDVYLTEWNSSDWIHDIIKEAKKKDLLTPLTFSLIHATDFSDRYERYILPMLKSGFIVISDRYIYTAYARDSVRGVDIDWVKKLYSFAIKPDITFYIRVSPDIALERIKKSKRKIKPQEAGADIFPGLSPEEGFLKYQGLITEVYDKLVKDENFIVIDGTKTPKEIQIQIRKFVGELIDNSF,0,train
The462,MELNALIKKIESVDSYAREFLKKFEIKQEKGKFLFIAPGEDYREWLETIVNTFLEEEVRKLIEVKEKEEKKKVEIKDFLNPKYTLENFIVGEGNRLAYEVVKEALENLGSLYNPIFIYGSVGTGKTHLLQAAGNEAKKRGYRVIYSSADDFAQAMVEHLKKGTINEFRNMYKSVDLLLLDDVQFLSGKERTQIEFFHIFNTLYLLEKQIILASDRHPQKLDGVSDRLVSRFEGGILVEIELDNKTRFKIIKEKLKEFNLELRKEVIDYLLENTKNVREIEGKIKLIKLKGFEGLERKERKERDKLMQIVEFVANYYAVKVEDILSDKRNKRTSEARKIAMYLCRKVCSASLIEIARAFKRKDHTTVIHAIRSVEEEKKKDRKFKHLVGFLEKQAFDKIC,0,train
DNAG_SACS2,MSFQMKYDIRLRFEVEGIVEKTDVIGAIFGQTENLFGDEFDLRELQDKGRLGRIIVEVKTKGGKSEGEIIIPSNLDRIETALIAAMVESVDKVGPYNSKFELIEIEDIRAEKLKKIIERAKGILSSWSKEKSLDIKEVINEISSAVKVGEITEYGPERLPAGPDVDKDPNLIIVEGRADVINLLRYGYKNVIAVEGATSRIPETLINLSKMKKTVIAFLDGDHGGDLILKELLSNNVKIDFVARAPIGREVEELTGKEIAKALSNMMPLTQYLKKVQEAEQAIAKNVIAKEEKPIQSETTQQVVQITLPQNILEEIKKLPGTLEGVLYDNNWNLIEKVQVRDIIPKLEAYEDNKVAYIIFDGVITQRLLDLASQKNIKMIIGARIGGINKRPQNVDILTFTDIISS,0,train
ARFB_METJA,MQLRLSSGNVLNEKVHKVGIIALGSFLENHGAVLPIDTDIKIASYIALKASILTGAKFLGVVIPSTEYEYVKHGIHNKPEEVYSYMRFLINEGKKIGVEKFLIVNCHGGNILVESFLKDLEYEFDIKVEMINITFTHASTEEVSVGYIIGIAKADEETLKEHNNFEKYPEVGMVGLKEARENNKAIDKEAKVVKRFGVKLDKKLGEKILNNAIEKVVEKIKEMIR,0,train
CBIX_SYNY3,MTLTSVPAPVSLFPELELPPLPYHRPLLMIGHGTRDEDGRQTFLDFVAQYQALDHSRPVIPCFLELTEPNIQAGVQQCVDQGFEEISALPILLFAARHNKFDVTNELDRSRQAHPQINFFYGRHFGITPAILDLWKARLNQLDSPEANPQGIDRQDTVLLFVGRGSSDPDANGDVYKMARMLWEGSGYQTVETCFIGISHPRLEEGFRRARLYQPKRIIVLPYFLFMGALVKKIFTITEEQRATFPEIEIQSLSEMGIQPELLALVREREIETQLGQVAMNCEACKFRLAFKNQGHGHDHGHGHHHHGHDHGHSHGEWVDTYIEPTAYHEKIWQAP,0,train
OPPD_LACLA,MESENILEAKQVSVAFRIAGKFQKAIYDIDLSLRRGEVLAIVGESGSGKSTFATAVMGLHNPNQTQITGSILLDEEEVIGKTGDSMASIRGSKVGMIFQNPLTALNPLMKIGQQIKEMLAVHDVYPENQYESRIFQLLEQVGIPNPKRVVNQFPHQLSGGMRQRVMIAIAIANDPDLIIADEPTTALDVTIQAQILDLILEIQKKKNAGVILITHDLGVVAEVADTVAVMYAGQLVEKASVEELFQNPKHPYTRSLLRSNPSAETVSDDLYVIPGSVPSLSEIEYDKDLFLARVPWMKEEAQKVISEKMTEISSNHFVRGQAWKKFEFPDQKLKGGKK,0,train
Y1010_METJA,MINMKFFNRVEEIKEILSILEEEPNLIYFIYGPINSGKTALINEIINNRLDKNKYVVFYIDLREIFISKYDEFEAKLRATKTFGFRLIIEVLFEEYEDDKKPIEIIRSLIKDAPSLCGIPTPKNTLEEILKKKTTKNVFKYITNILMDIKREGKQPIIIIDELQKIGDMKINGFLIYELFNYFVSLTKHKHLCHVFCLSSDSLFIERVYNEAMLKERVDYILVDDFDKETALKFIDFLSEEILNKKLSDEDKELIYSYVGGKPILIINVIGKLKHKNLKDVLNILLMDEISKLKDFLSNLDYIKPKVNIEEEIIEIRKEDIINALKLFKGKYEIEVDKIPKAVYVYLVKKNILFLYPQRGTLKPQSFLVWNAIKRVL,0,train
TRPF_METKA,MVRVKICGITRPEDAATADEAGTDAVGCVVEVPVSTPRKVSAEHANEVFSVVSPFVSRVAVLMDNLEPIDRLEEATAVQLHGTEDPETCEELSELGLDVIKTFWVDQRGSVWLGEELIGDEVLAEYCEIVDAVLLDTKSAEGGGSGERHDWDASARLVRRLDVPVILAGGLNPENVREAVEKVRPYAVDTSSGVEKEPGIKDPEAIAEFVRATKSV,0,train
DAPA_SYNY3,MADFVSTSPFGPVLTAMVTPFNADGGVDYGVAEKLADHLITHGSDGLVVCGTTGESPTLSWEEEHELFRVVKQTVGDRGSVIAGTGSNCTREAMEATQIAAKLGVDGSLQVVPYYNKPPQEGLLAHFQAIANCAPELPLMLYNIPGRTGQSLAPETVYRLAEVENIVAIKEATGSLEQASLIRAHTPDDFAIYAGDDVLTLPLLAVGGAGVVSVASHLVGDRLQAMVQHFAQGATAQALEIHLQLIPLFKILFCATNPIPVKTALGLQGWPVGSFRPPLCALSPGHTEQLRDVLRDLALLP,0,train
DPO3Z_MYCGE,MLDDFESNGLNFTYFLRELFALTVNLYAYAKLKNINVLDSTEKTMIETLNFEKQHYAFLIKAIEENTNFGLSQLTLIDRLKAIVISYNEFFNQKPLTISSPSNEKSLHLETEYLEKKKIKKSNHKQDQKHFSLFEKSFIDKSEKTPKNDEVTNNKFLDTSKLNLANIALAINAFNDNKWINHFQNLLSVFQTKFNDKDKQNNLSYFNNFIDKYSARDIVKATKIVKASSFGIVILFEDQKIAMRLWKEAIEEGNVQATIFQIFNQNLFLASFSEHQYKTTITEETKNQKYQTEVLNLTQLENLAKPFLKEKKRSLSQKMVDKYFKGLFEEK,0,train
IF6_METJA,MTMIIRKYFSGIPTIGVLALTTEEITLLPIFLDKDDVNEVSEVLETKCLQTNIGGSSLVGSLSVANKYGLLLPKIVEDEELDRIKNFLKENNLDLNVEIIKSKNTALGNLILTNDKGALISPELKDFKKDIEDSLNVEVEIGTIAELPTVGSNAVVTNKGCLTHPLVEDDELEFLKSLFKVEYIGKGTANKGTTSVGACIIANSKGAVVGGDTTGPELLIIEDALGLI,0,train
FKBPL_METJA,MVEKGKMVKISYDGYVDGKLFDTTNEELAKKEGIYNPAMIYGPVAIFAGEGQVLPGLDEAILEMDVGEEREVVLPPEKAFGKRDPSKIKLIPLSEFTKRGIKPIKGLTITIDGIPGKIVSINSGRVLVDFNHELAGKEVKYRIKIEEVVDDKKNIVKEIVKMYVPRLSDVKVTIRNGTVKIELPEFAPFIPNIQTAKMAIANEILKRLEDAEKVSFVETFERKKETKEENK,0,train
PHEA_SHIFL,MTSENPLLALREKISALDEKLLALLAERRELAVEVGKAKLLSHRPVRDIDRERDLLERLITLGKAHHLDAHYITRLFQLIIEDSVLTQQALLQQHLNKINPHSARIAFLGPKGSYSHLAARQYAARHFEQFIESGCAKFADIFNQVETGQADYAVVPIENTSSGAINDVYDLLQHTSLSIVGEMTLTIDHCLLVSGTTDLSTINTVYSHPQPFQQCSKFLNRYPHWKIEYTESTSAAMEKVAQAKSPHVAALGSEAGGTLYGLQVLERIEANQRQNFTRFVVLARKAINVSDQVPAKTTLLMATGQQAGALVEALLVLRNHNLIMTRLESRPIHGNPWEEMFYLDIQANLESAEMQKALKELGEITRSMKVLGCYPSENVVPVDPT,0,train
THYX_PYRFU,MVRVTLVNYTKRPLETITWAALISYWGEWSTESFERISENDVEKHLPRILGYGHESILEHATFTFSIEGCSRVCTHQLVRHRIASYTQQSQRYIVLDEENVEETFVIPESIKKDRELYEKWKKVMAETISLYKESINRGVHQEDARFILPQAVKTKIIVTMNLRELKHFFGLRLCERAQWEIREVAWKMLEEMAKRDDIRPIIKWAKLGPRCIQFGYCPERDLMPPGCLKKTRKKWEKVAESKS,0,train
PK21_RHOPA,MKIKTKQFRVGEGEKVDLGKWPTKVDPFYESKEHYHELLRTQVERLSDLQQLLYASNRHAVLLIFQAMDAAGKDGVIRHVLSGINPQGCQVFSFKHPSATELQHDFLWRTTRDLPERGRIGVFNRSYYEEVLIVRVHPDILQSEAVPNGENFGKSFWHKRYRSIRNLEQHLHANGTRIVKFFLHLSKDEQRKRFLARIDEPEKNWKFSAADLEERQYWDDYMDAYEKCLSETSSEDSPWYAVPADDKENARLIVSQVIAETMESLKMSYPETTPARRKELLQMRQQLLK,0,train
Mes918,MNVIIKAVVTASTLLMVSFSSFETSAQSPLLKEQIESIVIGKKATVGVAVWGPDDLEPLLINPFEKFPMQSVFKLHLAMLVLHQVDQGKLDLNQTVIVNRAKVLQNTWAPIMKAYQGDEFSVPVQQLLQYSVSHSDNVACDLLFELVGGPAALHDYIQSMGIKETAVVANEAQMHADDQVQYQNWTSMKGAAEILKKFEQKTQLSETSQALLWKWMVETTTGPERLKGLLPAGTVVAHKTGTSGIKAGKTAATNDLGIILLPDGRPLLVAVFVKDSAESSRTNEAIIAQVAQTAYQFELKKLSALSPN,0,train
DCUP_AQUAE,MPKNDLLLRSLRGEPIGRFPVWLMRQAGRYMPEYRKIRNRVKNFLELCKNVDLATEISLLPLKILGVDAIIIFSDILVPLEPLGVKVEFVEGEGPKLSWSGKVSDLKKYDPSQNAYVYEIIKRVKEAQDEVPVIGFAGAPFTLLSYLIEGGASKDFKSTKLFMWENPKEYKRLMDILTETVLAYLKEQIKAGADVVQIFDSWVNNLSLEDYGEYVYPYVNYLISELKDFSDTPVIYFFRGSSSFIDLAVDYRADALSVDWSVDIPELFKIYDKGFQGNLEPAVLYASEEVIEEKTLGLLRRIPVKTRYVFNLGHGLAPDMELEKVKYLVDLVKSFPLT,0,train
MIAA_RICPR,MIKKEIIILCGPTASGKSCLGHELAKAYDCEIINIDSMQVYKEIPIITASPIQIYNTDIHYHLYNFLSITEDFSVIKYLKLAAKKIKEITVRGKLPILIGGTGLYINLLVFGYNNIPDISEDLRVQVRNLHDKIGNIELWNQLKKLDPIASTKINHCDTQRLIRAYEVFMHTGKSIFSFHTAPKERILSDFNFKIIFLNPERKFLYKTCDERLDKIFKDKAIDEIALLKKQFTPEEYAHLKAVGIKEILAYLDGNLTLDAALNVAQMRTRQYAKRQVTWFTHQIQDKTILEYSTQEEFAQILRHLLFILRS,0,train
BHCR_PARDP,MSVQIRKRGRPRGRAGGLGAEDSGGIRALDRALDILDLIAVSSGLTLTEIAQRLDMAPSTVHRVLVTLAARGVAESDSQTQAWHVGPTAFRHGSAFMRRSGLVERARPLLRRLMEVTGETANLGILNGDAVLFLSQAETHETIRAFFPPGTRSALHASGIGKALLAHARPLDLKRMLREMRLERFTDMTLTDPAALVEDLVQIRARGYALDNEERTPGMRCIAAPIFDLAGEAAAGISVSGPTLRMSDARLSAMSDAVIEAARELSFGMAPRKDAGERA,0,train
PTH_DEIRA,MKLIVGLGNPGEKYAQTRHNVGWLVVDELARRAGGSWRKDGEAEVCEVRLGTAPGEKVLLVKPQTFMNTSGKAVWPLMSFYKLEGEQLLVVQDDLDSPFGLLRFRLGGRHGGQNGVRDIIARLGYDRFPRLKIGISRPPAGRDPADWVLSKWRDEERETLAELVRLGVGAAELWAVQGLAEAQQMYNGTDLRPQPPAPPAAPAPAADGAPGDAQD,0,train
DCYD_YERPE,MTLQQKLTQFPRLDLVGNATPLEKLSRLSDYLGREIYIKRDDVTPVALGGNKLRKLEFLAADALRQGADTLVTAGAIQSNHVRQTAAVAAKLGLHCVALLENPIGTEQANYLTNGNRLLLDLFNVDVVMCEALNDPNQQLAELATRVEAQGFRPYVVPIGGSNALGALGYVQCSLEIAAQAAGNVAFSSVVVASGSAGTHAGLAVGLQQLLPDAELIGVTVSRSADEQRPKVAQIQQALATSLGMTDPLAKITLWDSYFAPQYGMPNEEGIAAIKLLARLEGILLDPVYTGKAMAGLLDGIEQQKFCDKGPILFIHTGGAPALFAYHPQV,0,train
Y1311_METJA,MKRKTKLDKKSKWVLDMKFGVSSLVFLPESLTSSMEKIAEHNFDAWEIVCEGTHYLSPKNIKYLMELRDRYEVEIVVHAPFSDLNPASMNERVRKLTVECIRDAIEGAFELDSEVVVVHPGYIPELWSNYVSEILDNNFSTLSEIVEIAEDYGIKIGLENMPNFRGVLGITPESLLEIVKDIDSKNLGITFDIGHANTAGNPAEFVEKLQNIGIGIIHVHAHDNNGYDDEHLKIGEGNINFIEVLEKLKEIGYDGVISIENKNIRDAVKSKEILKEYLEIVNEKVAEKEKIEE,0,train
PLTE_PSEF5,MDFNYDDTQKKHAAMIAQVCAEQLAACGNEHSRYFTARQWAICGEAGLLGLSIPREYGGQGLGALSTAIAMHAFGLGCTDMGLVFAAAAHQFACAMPIVEFATAETKRDVLPKLASGEFIGSNAITEPEAGSDSSNLKSRAWPQADGSYRLDGHKSFAGNAPIADIFVTYATTQPEYGALGVSGFIVHRSSAGLRVSEPLDKVCLRSCPAGEVFFDDCRVPEVNRLGEEGQGRQVFQSSMGWERACLFAAFLGMMERQLEQTIEHARTRRQFGKPIGDNQAVSHRIAQMKLRLESARLLLFRACWGMDQGDPGQLNIALSKLAISEGALASSIDAVRIFGGRGCLESFGIEAMLRDSIGTTIFSGTSDMQHEIIARELKL,0,train
Mes112,MNKKLIALAVAAASISSVATAAEVYSDETSSLAVGGRFEARAVLADVNKDENVTNTASSEVSDKSRVRINVAGKTDITEDFYGVGFFEKEFSSADSDNDETRYAYAGVGSQYGQLVYGKADGSLGMLTDFTDIMAYHGNEAGNKLAAADRTDNNLSYVGSFDLNGDNLTVKANYVFGGSDENEGYSAAAMYAMDMGLGFGAGYGEQDGQSSKNGNEDKTGKQAFGAISYTISDFYFSGLYQDSRNTVVNNDLIDESTGYEFAAAYTYGKAVFITTYNFLEDSNASGDASDLRDSIAIDGTYYFNKNFRTYASYKFNLLDANSSTTKAQASDEFVLGARYDF,0,train
Mes743,MSALITHDRSTPVTGSLLPYVETPAPAPLQTQQVAGELKDKNGGVSSQGVQLPAPLAVVASQVTEGQQQEVTKLLESVTRGAAGSQLISNYVSVLTKFTLASPDTFEIELGKLVSNLEEVRKDIKIADIQRLHEQNMKKIEENQEKIKETEENAKQVKKSGIASKIFGWLSAIASVIVGAIMVASGVGAVAGAMMVASGVIGMANMAVKQAAEDGLISQEAMKILGPILTAIEVALTVVSTVMTFGGSALKCLANIGAKLGANTASLAAKGAEFSAKVAQISTGISNTVGSAVTKLGGSFAGLTMSHAIRTGSQATQVAVGVGSGITQTINNKKQADLQHNNADLALNKADMAALQSIIDRLKEELSHLSESHQQVMELIFQMINAKGDMLHNLAGRPHTV,0,train
Q3B1L6,MEWSESVFDGRRREMVEGLRRSGIMNARVLEAFLEVRRHLFFPESEREHAYDDAAWPIGHGQTISQPYTVAYMTSLLADRVPSGKVLEVGTGSGYQSAILDAMGYRVFTIERVAALYSEALGRFRRFALPVAAKLGDGSEGWPEEAPFNAVLVTAAAPKEPEALLRQLSDNGCLVIPLGGMDVQQMTVITRRGEVFLKERYHEFAFVPLIGREGWEEEQEQS,0,train
The506,MLTVGILGGGQLGWMTILEGRKLGFKFHVLEDKENAPACRVADRCFRTGQISEFVDSCDIITYEFEHIKDEVLEKCESKLIPNPQALYVKKSRIREKLFLKKHGFPVPEFLVIKRDEIIDALKSFKLPVVIKAEKLGYDGKGQYRIKKLEDANQVVKNHDKEESFIIEEFVKFEAEISCIGVRDREGKTYFYPQPFNKHEEGILIYNYVPYAKLKEAEEITKRLMELLDIVGVFTVEFFLLKDGRVLINEFAPRVHNTGHWTLDGAYTSQFENLLRAITEMPLGSTELKLPSGMVNILGKSYEEIPLKEILSVEGAKLYWYGKEKKPRRKVGHVNVVGRSKEEVVEKVERVFTLLKGSREKLPAP,0,train
NURA_SACS2,MIRKIYDKLVESHNEIKNQIYNIANYLKQEIQDKVNEYWNEYVINHEQSETCKFVAIDGGSFGRPMRIGIVYAVGAESVIGDNKGVKTLSEDGQIGIFKPGNDAQERISLLMEALELSLALRDGSKGDYILMDGSLSKKIGNKVDIQQFSDEELKLIRNVDLNGIISIKDERKMRDLLMLLNQFLVSKIIEEYDGNVLWISKVSRGRDLFGTDYPDITVLELFTEKRGFSKLIIKNIDIEKISEIPEIEVLRKMEYTTFYTRLDNGKRVIRVDIVGRVDEKIVKEIMDRLSGVSIKGYPFPLLKAHMDVRFSAMDREKIIKLVGSKLHKDIEWWPSQFY,0,train
INCA2_CHLTR,MTTPTLIVTPPSPPAPSYSANRVPQPSLMDKIKKIAAIASLILIGTIGFLALLGHLVGFLIAPQITIVLLALFITSLAGNALYLQKTANLHLYQDLQREVGSLKEINFMLSVLQKEFLHLSKEFATTSKDLSAVSQDFYSCLQGFRDNYKGFESLLDEYKNSTEEMRKLFSQEIIADLKSSVASLREEIRFLTPLAEEVRRLAHNRESLTAAIEELKTIRDSLRDEIGQLSQLSRTLTSQIALQRKESSDLCSQIRETLSSPRKSASPSTKSS,0,train
Y1225_METJA,MFVRVMKIAQNKKIVTVYPTTTIRKALMTMNENKYRRLPVVNAGNNKVVGIITSMDIVDFMGGGSKYNLIREKHERNFLAAINEPVREIMEENVITLKENADIDEAIETFLTKNVGGAPIVNDENQLISLITERDVIRALLDKIDENEVIDDYITRDVIVATPGERLKDVARTMVRNGFRRLPVVSEGRLVGIITSTDFIKLLGSDWAFNHMQTGNVREITNVRMEEIMKRDVITAKEGDKLKKIAEIMVTNDIGALPVVDENLRIKGIITEKDVLKYFA,0,train
HPNC_ZYMMO,MEGACASTYRSVSIKTKNKLNAAALVSGKGHQDENFPVASFLINPEYRPIIMAFYQFARQADDVADNVIASKKDRLAILEDMRSSLTGESQSEPNAVVLRQTLITHGLDHTIVHGLDLLEAFRRDVSVNRYENWDALMDYCRYSASPVGRFVLDVHKESRNLWPMNDALCTALQVINHLQDCGKDYRMMNRIYIPSDIMEAVGATAGDLGRFHASLPLRQAIETAALKTKSLLKRSSGFSAAIHDKRLGVEVAVIQRLAESLTECLTKHDPLSERVHHNKAETLGLAFVAAAGRLFS,0,train
MUTL_THEMA,MRIKRLPESLVRKIAAGEVIHNPSFVLKELVENSLDAQADRIVVEIENGGKNMVRVSDNGIGMTREEALLAIEPYTTSKIESEEDLHRIRTYGFRGEALASIVQVSRAKIVTKTEKDALATQLMIAGGKVEEISETHRDTGTTVEVRDLFFNLPVRRKSLKSSAIELRMCREMFERFVLVRNDVDFVFTSDGKIVHSFPRTQNIFERALLILEDLRKGYITFEEELSGLRIKGIVSSREVTRSSRTGEYFYVNGRFVVSEELHEVLMKVYDLPKRSYPVAVLFIEVNPEELDVNIHPSKIVVKFLNEEKVKKSLEETLKRNLARKWYRSVAYEEISSRALSVAEAPSHRWFLVKGKYAVVEVEDGLLFVDLHALHERTIYEEILSKKSWGKRRVKRNITVVLSREEKQKLEEYGFSFQGEEGALKVIEIPEFLTEDVVEEFFRDFPVDEKLKERIALAACKLATKSGEFDEEIASKLLDVFFKKRFERCPHGRPISFKISYEDMDRFFER,0,train
YDFH_ECOLI,MTVETQLNPTQPVNQQIYRILRRDIVHCLIAPGTPLSEKEVSVRFNVSRQPVREAFIKLAENGLIQIRPQRGSYVNKISMAQVRNGSFIRQAIECAVARRAASMITESQCYQLEQNLHQQRIAIERKQLDDFFELDDNFHQLLTQIADCQLAWDTIENLKATVDRVRYMSFDHVSPPEMLLRQHLDIFSALQKRDGDAVERAMTQHLQEISESVRQIRQENSDWFSEE,0,train
HIS4_THEMA,MLVVPAIDLFRGKVARMIKGRKENTIFYEKDPVELVEKLIEEGFTLIHVVDLSNAIENSGENLPVLEKLSEFAEHIQIGGGIRSLDYAEKLRKLGYRRQIVSSKVLEDPSFLKSLREIDVEPVFSLDTRGGRVAFKGWLAEEEIDPVSLLKRLKEYGLEEIVHTEIEKDGTLQEHDFSLTKKIAIEAEVKVLAAGGISSENSLKTAQKVHTETNGLLKGVIVGRAFLEGILTVEVMKRYAR,0,train
SYH_RICPR,MIENLQPLRGMKDLLPNDYQIHNYIINKARDVGALYGYKQMSTPILEYTKVFNRSMGESSDVMSKEIYSFVDKSNNAVALRPEFTSGIIRSFISNGLQHKLPLKFFSTGPVFRYDRPQAGRQRQFHQLNYEYLGAKGAITDAETVKLAVDILKALEIEEDTTLELNSLGCHESRIVYQQKLVEYLNDFKDQLSGESRLRLNKNPMRILDSKSEIDQKIIAHAPILSEYHTNESKKYFDELQKYLDILGIKYSVNPRLVRGLDYYCHTVFEFTTKKLGSQSTILAGGRYDMLSRIMGNYDVHAIGFAAGIERIALMREYKISVIKPVFVLPIGKNNICYALDIVDKLRLQNIVSIIDPIGKIAKRIQRVLNEDAKFIIFIGDEEKMNNNLKFKDLKNQKEYIIDFEKVLELLKQ,0,train
MCP_BPF41,MKLDYNSREIFFGNEALIVADMSKGINGKPEFTNHKIVAGLVSVGSMEDQAETNSYPADDVPDHGVKKGATLLQGEMVFIQTDQALKEDILGQQRTENGLGWSPTGNWKTKCVQYLIKGRKRDKVTGEFVDGYRVVVYPNLTPTAEATKESETDSVDGVDPIQWTLAVQATESDIYLNGGKKVPAIEYEIWGEQAKDFVKKMESGLFIMQPDTVLAGAITLVAPVIPNVTTATKGNNDGTIVVPDTLKDSKGGTVKVTSVIKDAHGKVATNGQLAPGVYIVTFSADGYEDVTAGVSVTDHS,0,train
OPPB_LACLC,MWKVIIRRILLMIPQLFILSILVFFFAKLMPGDPFSGLIGPHTDPHEVEALRRAAGLYDPWWEQYLRWLGNAIHGNLGMSYNLKEPVMTVIGHRAINTFWMSLLSVILTYLFAIPMSIVAARNEGKWQDQLWLTYNSITFGIPPYVFYLLIIFIFGYSLNWFPTGGTVSPDAMGIIPVFFSKIYHMILPAFSLAVFGTVGIFTYFRSGILDEQTQDYVRTARAKGVKEKVIFRRHILRNASLPIASNFGFVITGLLGGAIFAETIFGYPGLGQLFITSISGRDYSMITALILLNGFLGLLGALLSDIIMAMVDPRIRIQ,0,train
HYDE_THEMA,MTGREILEKLERREFTREVLKEALSINDRGFNEALFKLADEIRRKYVGDEVHIRAIIEFSNVCRKNCLYCGLRRDNKNLKRYRMTPEEIVERARLAVQFGAKTIVLQSGEDPYYMPDVISDIVKEIKKMGVAVTLSLGEWPREYYEKWKEAGADRYLLRHETANPVLHRKLRPDTSFENRLNCLLTLKELGYETGAGSMVGLPGQTIDDLVDDLLFLKEHDFDMVGIGPFIPHPDTPLANEKKGDFTLTLKMVALTRILLPDSNIPATTAMGTIVPGGREITLRCGANVIMPNWTPSPYRQLYQLYPGKICVFEKDTACIPCVMKMIELLGRKPGRDWGGRKRVFETV,0,train
PTH_VIBC3,MSQPIKLLVGLANPGPEYAKTRHNAGAWVVEELARIHNVTLKNEPKFFGLTGRLLINSQELRVLIPTTFMNLSGKAIAALANFYQIKPEEIMVAHDELDLPPGVAKFKQGGGHGGHNGLKDTISKLGNNKEFYRLRLGIGHPGHKDKVAGYVLGKAPAKEQECLDAAVDESVRCLEILMKDGLTKAQNRLHTFKAE,0,train
CS2H_SACS2,MISEYVDEEIKRREDYSLRRLKGIPNDRRLWILTCMDERVHVEEALGIRPEDAHIYRNAGGIVTDDAIRSASLTTNFFGTKEIIVITHTDCGMIRFTGDEVAKYFLDKGVKVNELQIDPLLPSLRLQSTEDFTKWFKFFRDLGANSPDDIALKNAEILKNHPLIPKNVTISAYVYEVETHKLRKPHQRLYELTSRFEHGTVVKE,0,train
LYSX_SULTO,MILGVIYDLLRWEEKNLIQEARKLGHTVIPIYTKDFYYFYNNDSNETLGDLDVVIQRNTSHARAVITSTIFENLSYKTINDSSTLIKCENKLYTLSLLSKHGIRVPKTIVAFSKEKALELANKLSYPVVIKPVEGSWGRMVARAIDEDTLRNFLEYQEYTTLQFRYIYLIQEFVKKPDRDIRIFTIGDEAPVGIYRVNSRNWKTNTALGAKAEPLKIDEELQDLALKVKDIIGGFFLGIDVFEDPERGYIINEVNGVPEYKNTVRVNNFNVSEYLIRKIEEWIKK,0,train
ADR78332,MDVDDLHKRRRLLNRDTIALFGPAWLVMMADMDASSYIGAAQTGATLGYGLIWLMLILIIPLYVIQELAGRIGIATKGGLGDIVRKNYGKRIASIVALPMALTDTVTYGIEYLGIGIGLEIMGLSIYYTIPVIYVIHILIVTRKKYSEAEKPLIIISLLLIIALLLSLALRGIIPVSSPLANPILIKPTAGYFFLLAANVGAVIMPFMIFFQASATGLKLGDLDGGHIRITRRRSLRIMRKETLAGAIVTELLMVIAEMAFAGIPHANHSSFFATPQQLGKVLIPVAGSFSPIILGIGLIAAGFIALITISLGSAWGIAESLNLKKKSYWIIYILESLPAVVAIMLINPSSMIAIVLYLLIFFVFALIAPLAMMWIIGRNKNIMGDLVLSRKNEVVYLLMFGLIIATACIAVAT,0,train
The565,MKLVVCSESDTAGQNIKDNLLTFADFEEKDVGEFKLYLSDEFYIAETKERLIYADHIDEKLAKYIDFEEILFASRHSSKDGRKIFTVHVSGNVGTADFGGKPYSLAKPSPQTMKNYVLALRERLDRKPEFEFTMEVTHHGPSEISKPSAFYEIGSTEEEWKDREAAEVVAEAMLDAIRAEKMDWNVAVGVGGTHYAPRQTEIMLTTTFTFGHNFAKYTFEHLTAEFLVKAVKLSEAEYIIIDEKSVNSAVKKIVNEAAEVAGVEVLKSKKVKKDFRLV,0,train
XERA_SACS2,MKLDLGSPPESGDLYNAFINALIIAGAGNGTIKLYSTAVRDFLDFINKDPRKVTSEDLNRWISSLLNREGKVKGDEVEKKRAKSVTIRYYIIAVRRFLKWINVSVRPPIPKVRRKEVKALDEIQIQKVLNACKRTKDKLIIRLLLDTGLRANELLSVLVKDIDLENNMIRVRNTKNGEERIVFFTDETKLLLRKYIKGKKAEDKLFDLKYDTLYRKLKRLGKKVGIDLRPHILRHTFATLSLKRGINVITLQKLLGHKDIKTTQIYTHLVLDDLRNEYLKAMSSSSSKTPP,0,train
USPE_YERPE,MGKYQNILVAIDPNQDDQPALRRAVYLVQRNGGTIKAFLAIYDLSYDMTTLLSPDERTAMRKGVISQRSAWISEQCRFYIDSGIPIDIKVVWHNRPYEAIIQEVLKAKHDLLLKMAHQHDRLESIIFTPTDWHLLRKCPCPVWMVKDQPWPEEGTALVAVNLSSEDPLHDPLNLRLVKETLELAEHVNQTPVHLISAYPVTPINIAIELPDFDPSVYNDAIRGQHLVAMKALRQQFGIDEKFTHVEKGLPEEVIPDLAEHLNAGVVVLGTLGRTGLSAAFIGNTTEHVIDNLKCDLLAIKPEGFTCPIEGNEDQEDAE,0,train
GLGA2_SYNY3,MYIVQIASECAPVIKAGGLGDVIYGLSRELELRGHCVELILPMYDCMRYDHIWGLHDAYRNLEVPWYGSSIFCDVFCGWVHGRLCFFIQPKSSDNFFNRGHYYGALDDHMRFAFFSKAAMEFLLRSNKRPDIIHCHDWQTGLVPVLLYEIYRFHGMDHQRVCYTIHNFKHQGIAGANILHATGLNNDSYYFSYDRLQDNFNPNAINFMKGGIVYSNYVNTVSPHHAWEARFSDISCGLGHTLEIHQQKFGGILNGLDYEVWNPEIDPLLASNFSVKTFGDKAKNKQALRERLLLETDDKKPMLCFIGRLDGQKGVHLVHHSIYYALSQGAQFVLLGSATEPNLSKWFWHEKQHLNDNPNVHLELGFDEELAHLIYGAADIIVVPSNYEPCGLTQMIGLRYGAVPVVRGVGGLVNTVFDRDYDQNHPPEKRNGFVFYQPDEYALETALSRAIALYKDDPVAFKTLALQGMAYDYSWNKPGLQYVEAYEYIRA,0,train
RISA_ECOLI,MFTGIVQGTAKLVSIDEKPNFRTHVVELPDHMLDGLETGASVAHNGCCLTVTEINGNHVSFDLMKETLRITNLGDLKVGDWVNVERAAKFSDEIGGHLMSGHIMTTAEVAKILTSENNRQIWFKVQDSQLMKYILYKGFIGIDGISLTVGEVTPTRFCVHLIPETLERTTLGKKKLGARVNIEIDPQTQAVVDTVERVLAARENAMNQPGTEA,0,train
SFSA_SULSO,MNESNSQDLTRVSPFYIKEGFSVYEFTEKLFEAYVIERINRFLVKVTLDGEEILVHLHDPGRLKELIYPGNLVLIRETKGNKTKFSITAAYANSRFIVLDSRLHNIIASKFIPKIYEKEVKVGNSRIDFKYDNTYLEVKGCTLVENEIAYFPDAPTERGRKHLKELRELMRKGFNAILLILVMRNDAKCFLPNEKTDPKFSVEFWDSIKEGLKVYIKTFSLIGNKIVYVGDIPLCKTNLT,0,train
RPOD_AERPE,MSMQVAETGDRSVEVVELDSLRVRLRIRGYPVVFVNAIRRTVLSDVPTMAVDYAYIFDNTTAVYDEMVAHRLGLVVLDSNEAVEKYRRPEECAGKEPSEEDCFVEVSLEAEVDAEGETGRYITAGDLSISDPQVKPVYPETPLIYVAPGQRIHVQAFARLGRGKEHTKWSPASLSVLRYTPILIYDSSKAGDECLECLSAYPQVVEALKSGGKGSLVLEGLRRTSGLRYCAETACRGAVEVRYDSSNLDLEVESTGALRPEKIVELAIRELEEKVKRFAEAVESVGVEES,0,train
SYM_MYCGE,MKRCYITTPIYYASGKPHIGHAFTTILADVIKRFKIQNGYEAFLLVGSDEHGNKIESKAKSLNLDPKTFVDINAQAFKLMWKTLNISFDHFIRTTDEIHKQQVQKTFQDLYDKKLIYQSEWKGAYCVECEQNYFTFNKQTMLCEIGHNLSLVQEPCWFISFSSTKNWIETTIGKNQLNIIPKSRASELKNNFINNGLNDLALTRKNVTWGIKVPFDPNQTIYVWFDALFSYITNLGFRNGDPNFIKWWNNDNKEREVIHLISREITRFHCIYWPIFLHLLDIKLPTQFLSHGWIVDGEGRKMSKSLNNVISPEQLIDQFGVDGTRYCLLKEMRLDKDNRCSVSILKEIYNADLANSFGNHVSRTFGMIKKYLNGKLEYQIITDNALQKIMILIDESIVQFDHYFNSYEFYRAINLLLKIVFELSKLIDDFKPWELFKNQEFSLLKQLLFTCVRCVQVCYVLLTPILVNTASKVFHLFNFADDACRKDQLRDATLLKKIIISNSMEVLFKRVD,0,train
YSCQ_YERPS,MSLLTLPQAKLSELSLRQRLSHYQQNYLWEEGKLELTVSEPPSSLNCILQLQWKGTHFTLYCFGNDLANWLTADLLGAPFFTLPKELQLALLERQTVFLPKLVCNDIATASLSVTQPLLSLRLSRDNAHISFWLTSAEALFALLPARPNSERIPLPILISLRWHKVYLTLDEVDSLRLGDVLLAPEGSGPNSPVLAYVGENPWGYFQLQSNKLEFIGMSHESDELNPEPLTDLNQLPVQVSFEVGRQILDWHTLTSLEPGSLIDLTTPVDGEVRLLANGRLLGHGRLVEIQGRLGVRIERLTEVTIS,0,train
TSAB_THEMA,MNVLALDTSQRIRIGLRKGEDLFEISYTGEKKHAEILPVVVKKLLDELDLKVKDLDVVGVGIGPGGLTGLRVGIATVVGLVSPYDIPVAPLNSFEMTAKSCPADGVVLVARRARKGYHYCAVYLKDKGLNPLKEPSVVSDEELEEITKEFSPKIVLKDDLLISPAVLVEESERLFREKKTIHYYEIEPLYLQKSIAELNWEKKKRG,0,train
RL4_MYCGE,MAKLKVIQFDGSFKGEIQPANHLLLKKAVIQPVFDAILLEQAACRQGTHSTLTKGEVSGGGKKPYKQKHTGKARQGSIRNPHYVGGGVVFGPKPNRNYKLKLNKKAYQLALTSAFAQKLNNNQVIVAEAKLFEQTNAKTKKMLTFLKNAKLTEQKLLFVIDTISKPLLLSTNNLKQIVVKQFNKVSVRDLLLAKTIIIEKAAFTKLEERLK,0,train
Mes544,MSEALSDEALLELAEHIAVRRENDVISTQAVGELTVNATLSGVIGLIEFLRNDPNCRFSTLIDITAVDNPARPARFDVVYHLLSMYQNQRIRVKVQVREDELVPSLIGVFPGANWYEREVFDLFGILFSGHSDLRRILTDYGFRGHPLRKDFPTTGYVEVRWSDIEKRVVYEPVNLVQEYRQFDFLSPWEGAKYVLPGDEKAPEAKK,0,train
DKGA_YERPE,MTMQPLIKLYDGRLMPQLGLGVWQASIQETELAVSKALEVGYRSIDTAAIYKNEEGVGKALKAAAVARDELFITTKLWNDDQHNPQQALETSLQKLQLDYVDLYLIHWPDPKQDHYVSAWRELVTLKEQGLIRSIGVCNFHIPHLQRLIDETGIAPTVNQIELHPLLQQRQLHAWNATHHIATESWSPLAQGGKGVFDQEIIRKLAQQYNKTPAQIVIRWHLDSGLIVIPKSVTPARIRENFEVFDFKLQKEELLAITKLDCGKRLGPDPEVFGSDR,0,train
CDC62_SACS2,MVSAKDILSDSLRSSVLIIKHKDKLSPDYVPENLPHREEKIKELGFIFKDLLAGDAKDSERVVILGRTGTGKTATVRLFGKNFEDIAEREYGVKVKYVHINCYRHRTLYLISQEIANALKLPIPSRGLSAQEVFKMIHEYLDRRNIHLIVALDEFGHFLNTANTEEIYFLVRLYDEISAIIKRISYIFIVNESHSIYKLDRSIRDHIARRLIEFPPYKSMELYDILKYRVDEAFNDNAVDDEVLQFISNTYGYDKGGNGNARIAIETLSLAGEIAEKEGSPVVLLDHAKKANSTINPEIQEIIDSLSYLDLHQLILLKALIRALNKTKADEITMGTLEEEYISLSREFNEEPRRHTQVYEYLRKLKVIGIINTRQSGKGMRGRTTLVSLSLPLDKRLDDYIMQQIMVRLKSRA,0,train
OM1C_CHLTR,MKKLLKSVLVFAALSSASSLQALPVGNPAEPSLMIDGILWEGFGGDPCDPCTTWCDAISMRVGYYGDFVFDRVLKTDVNKEFQMGAAPTTSDVAGLQNDPTINVARPNPAYGKHMQDAEMFTNAAYMALNIWDRFDVFCTLGATTGYLKGNSASFNLVGLFGTKTQSSSFNTAKLIPNTALNEAVVELYINTTFAWSVGARAALWECGCATLGASFQYAQSKPKVEELNVLCNASEFTINKPKGYVGAEFPLNITAGTEAATGTKDASIDYHEWQASLALSYRLNMFTPYIGVKWSRVSFDADTIRIAQPKLAEAILDVTTLNRTTAGKGSVVSAGTDNELADTMQIVSLQLNKMKSRKSCGIAVGTTIVDADKYAVTVEARLIDERAAHVNAQFRF,0,train
RMUC_CHLTR,MGVFAISLLSQTVCLYFTFFSLGIALGVLFSFKIFTKKLSRQHEIIRDLEHSKAILQMSLDTRRSQEQLMEEFSHKLTSVSQAFARDMKTESQEFFSEKTQAITSVLAPVHNTLSAFKQNLENFETKQAEDRGALKEQLSQLLTAEQKLERETQALTNILKHPGSRGRWGEIQLERILEISGMLKYCDYSTQTVDSSESSSRADIVIRLPQNRSLVIDAKTPFSEEYLTDNHADPTDLVKKIKDHIKTLKTKSYWDKFEQSPEFVILFLPGESLFNDAIRCAPELMDYAGQSNVILSSPVTLMALLKTVTHVWKQENLQNQIREIGQLGKDLYQRMHKLFDHFHKVGKHLGQAVHSYNDMSSSLSARVLPILRTFDKLELSSSHNKIEALSQVSTLPHSPKVPYPENDLAECLSPEASYLKPPSSNQ,0,train
Y764_XYLFA,MTIQSLIVTIGSGGLVGFALGLLGGGGSILATPLLLYVVGVTNPHIAIGTSAVAVSANAYANLIAHAWKGHVWWRSAVIFALVGTLGAFLGSSIGMLIDGQRLLLLFGLLMAMVGLLMLRGRATAPHAEQHQTVLRMCMKTSAVAILTGAASGFFGIGGGFLIVPALIFATRMPTINAIGSSLLAVGTFGLITTLNYARHDLVDWTIAMEFIVGGITGGGLGTLLATRFSASKHLLNRVFGLIVIAVAIYVIWRSWASLVA,0,train
RHAM_RHILT,MTLEKHAFKMQLNPGMEAEYRKRHDEIWPELVDLLHQSGASDYSIHLDRETNTLFGVLTRPKDHTMASLPDHPVMKKWWAHMADIMATNPDNSPVQSDLVTLFHMP,0,train
HIS1_SULSO,MVRNLKIAIPNKGRLQQPTLQFLQSVGIKPLASDDRALIVPTSWEGVQLVMIRTEDIPNIVETGATELGITGHDYVIESSADVEELIKLDFGRSKIVLAVPQTWRENSVDELKGKEFRVATKYYNIAKEYVRRRELNAKVVKISGAAEVMPSLGAAEAIIDVMSTGTTLKLHGLKAIDVIMDSYAVVIGNRNWIKNDEADRINLLLTMMKGAIAAKGKKMIFMNVPDNKLDGVINSLPAMLAPAITRLSRSDIWEVITVAEEDILPEVIAKVKAAGARDIVVIDIEKVVK,0,train
CAS6A_SACS2,MPLIFKIGYNVIPLQDVILPTPSSKVLKYLIQSGKLLPSLNNLITSRDKYKPIFISHLGLNQRRIFQTNGNLKTISRGSKLSSTIAFSTQVNVLPELDEGVFETIYGKFHITIESVEIVEVEKLKEEVEKHMNDNIRVRFISPTLLSSKVLLPPSLSERYKRVNAGYSTLPSVGLIVAYAYNVYCNLIGKKEVEVRAFKFGVISNALSRIIGYDLHPVTIVIGEDSKGNLRKARGVMGWIEFDIPDEKLKRRALRYLLASSYLGIGRSRGIGFGEIKLEFIKREENH,0,train
MTRC_METJA,MSHGGGGHAAELYPEEQIFAVGIALSLVGCYLANFLSPYGLGMLIGGLLASAACVAGANTVRKVAAYGLGTGVPSIGMVSLGMGTLAAVAGVLIPDYFNLPYLVAPIITLIVSAVIGYIVGRLTVNPVGMKIPIMVRSMTFLSIAGAMALLGFTVAYVGSLEPQKYIDYALNNGMMALAFIAAGMAILHPFNACLGPNESHKRTLTLAVACGFITWFVFSVVKLDIVSIIVSIILWAIVYVKFVKMSFKDACAVLHVPEIPKKEE,0,train
TOLQ_ECOLI,MTDMNILDLFLKASLLVKLIMLILIGFSIASWAIIIQRTRILNAAAREAEAFEDKFWSGIELSRLYQESQGKRDNLTGSEQIFYSGFKEFVRLHRANSHAPEAVVEGASRAMRISMNRELENLETHIPFLGTVGSISPYIGLFGTVWGIMHAFIALGAVKQATLQMVAPGIAEALIATAIGLFAAIPAVMAYNRLNQRVNKLELNYDNFMEEFTAILHRQAFTVSESNKG,0,train
The582,MKLLAINGSPNKRNTLFLLEVIAEEVKKLGHEAEIIHLKDYEIKECKGCDACLKGDCSQKDDIYKVLEKMQEADAIVIGTPTYFGNVTGIVKNLIDRSRMARMGNYRLRNRVFAPVVTSGLRNGGAEYAAMSLIVYALGQAMLPVSIVENPITTGTFPVGVIQGDAGWRSVKKDEIAINSAKALAKRIVEVAEATKNLRES,0,train
RPOA_THETH,MLDSKLKAPVFTVRTQGREYGEFVLEPLERGFGVTLGNPLRRILLSSIPGTAVTSVYIEDVLHEFSTIPGVKEDVVEIILNLKELVVRFLNPSLQTVTLLLKAEGPKEVKARDFLPVADVEIMNPDLHIATLEEGGRLNMEVRVDRGVGYVPAEKHGIKDRINAIPVDAVFSPVRRVAFQVEDTRLGQRTDLDKLTLRIWTDGSVTPLEALNQAVEILREHLTYFSNPQAAAVAAPEEAKEPEAPPEQEEELDLPLEELGLSTRVLHSLKEEGIESVRALLALNLKDLKNIPGIGERSLEEIKEALEKKGFTLKE,0,train
YCGRL_VIBCH,MNSRPAEKIDNNDGQTETPRSKTVSTINSTDALAMVEHSSELTLSITTPVGTKFVCRTPFIGTHTDKFLLVEMPKISADDLQYFFQEGFWMNIRAISPRGEGALIHFRSQLMHILQEPVPMAFLSIPNTMQVSQLRKEPRFELNLAGKVLFDEHRGDCELRDLSRSGCRFITPPLGKTYQVGDLVALEIFSDLRGTKTFPPLTGKICNLQRSLHHARYGLEFNEEGRNNAKNLLAQLKFNGTKLTLNAEKKA,0,train
FWDC_METJA,MKELILTLQKEIIVPVEMDKVLPEVIENMSLEEIKNIELVQGRKRIKVADIFDVELNDIEGEPRIVIKNSSPKLKYIGSKMTKGEIVVEGDAGMYVGAEMKGGKIVVNGNAESWAGQNMKGGELLIKGNAGDYVGSAYRGDWRGMSGGTIIVEGNAGNEIGEFMSKGLIHIKGNVGIMAGIHQNGGIIIIDGDVDVRVGGEMKAGAIVVYGKVEEILPSFKFEGIVENPVIKLSKKDAGTPIAGTFYKFSGDYVYNKPKGQLYISVDSNPDLI,0,train
MURB_THET8,MRVERVLLKDYTTLGVGGPAELWTVETREELKRATEAPYRVLGNGSNLLVLDEGVPERVIRLAGEFQTYDLKGWVGAGTLLPLLVQEAARAGLSGLEGLLGIPAQVGGAVKMNAGTRFGEMADALEAVEVFHDGAFHVYCPEELGFGYRKSHLPPGGIVTRVRLKLKERPKEEILRRMAEVDRARKGQPKRKSAGCAFKNPPGQSAGRLIDERGLKGLRVGDAMISLEHGNFIVNLGQARAKDVLELVRRVQEELPLELEWEVWP,0,train
SURE_AERPE,MLKAIVTNDDGVHSRSLRALAESLASRGWDVVVAAPLGNWSGYSKSIGRFRGNRVYRFESRGVRFFTGDMPPAALVGTAIDIAGFEPDIVVSGINYGPNLGIYDFFSSGTIGGALEAALRGFKSVSISSACREEETDCLPEALSISLAVVETSVETLSSSAGLMVVNIPRSPRGFKVTRPCRRVPRFSGEIGEEGSLLVEKFDHSRLFSSEHDSCDGRLFSMGYIPVSLYKIDNGWIHPLDPSRDGYLKAVEDILNYKIFPSAGKQF,0,train
COX2_PARDE,MMAIATKRRGVAAVMSLGVATMTAVPALAQDVLGDLPVIGKPVNGGMNFQPASSPLAHDQQWLDHFVLYIITAVTIFVCLLLLICIVRFNRRANPVPARFTHNTPIEVIWTLVPVLILVAIGAFSLPILFRSQEMPNDPDLVIKAIGHQWYWSYEYPNDGVAFDALMLEKEALADAGYSEDEYLLATDNPVVVPVGKKVLVQVTATDVIHAWTIPAFAVKQDAVPGRIAQLWFSVDQEGVYFGQCSELCGINHAYMPIVVKAVSQEKYEAWLAGAKEEFAADASDYLPASPVKLASAE,0,train
TRMB_THEMA,MVVTEYELKPQNFPRFPLDWSEIFGRKAKIVVEIGFGNGEFLAELARRHPEKDFVGFEVSITSFVKAQKKFKRYNLKNVRLVKVDARFGLRELFPDNSVEKVYINFPCPWPKKRHESRRITSYDFLQTLSAVLEMDGTVEFATDEEWYAREVLDTFESSEYFVVDVFEENFKRDVETRYERKWKSQGKKTFLIVARKVKNGTVKRLMEGENTMAHSVFEGNVTWEKLKELEGKVFKDKNKIFVVKKVYRDGDYLLKVISTDEGGFQQVYYLNLSGRDGKWVLKLDEGSDPYRTPALKWSLRRIPEELTAQGSP,0,train
The197,MPSARDILQQGLDRLGSPEDLASRIDSTLLSPRATEEDVRNLVREASDYGFRCAVLTPVYTVKISGLAEKLGVKLCSVIGFPLGQAPLEVKLVEAQTVLEAGATELDVVPHLSLGPEAVYREVSGIVKLAKSYGAVVKVILEAPLWDDKTLSLLVDSSRRAGADIVKTSTGVYTKGGDPVTVFRLASLAKPLGMGVKASGGIRSGIDAVLAVGAGADIIGTSSAVKVLESFKSLV,0,train
RBL1C_CUPNE,MNAPETIQAKPRKRYDAGVMKYKEMGYWDGDYVPKDTDVLALFRITPQDGVDPVEAAAAVAGESSTATWTVVWTDRLTACDMYRAKAYRVDPVPNNPEQFFCYVAYDLSLFEEGSIANLTASIIGNVFSFKPIKAARLEDMRFPVAYVKTFAGPSTGIIVERERLDKFGRPLLGATTKPKLGLSGRNYGRVVYEGLKGGLDFMKDDENINSQPFMHWRDRFLFVMDAVNKASAATGEVKGSYLNVTAGTMEEMYRRAEFAKSLGSVIIMVDLIVGWTCIQSMSNWCRQNDMILHLHRAGHGTYTRQKNHGVSFRVIAKWLRLAGVDHMHTGTAVGKLEGDPLTVQGYYNVCRDAYTQTDLTRGLFFDQDWASLRKVMPVASGGIHAGQMHQLIHLFGDDVVLQFGGGTIGHPQGIQAGATANRVALEAMVLARNEGRDILNEGPEILRDAARWCAPLRAALDTWGDITFNYTPTDTSDFVPTASVA,0,train
PYRE_RHILT,MIQTTFPDRAVMAELLAKMLWEIKAVHFNAAQPYKLASGMASPVYIDCRKLLSFPRIRSTVMDFAASTLLRDAGFEQFDCIAGGETAGIPFAALLADRLGLPMIYVRKQPKGHGRNAQIEGNMPEGSRVLVIEDLTTAGGSMFKFIDAVRAAGGIVDHGIALFFYGIFGEQRFADGKVRLHHIATWRNVLPSPGSRSSSTTRRCRKSSPSSMRRWLGRERMVA,0,train
RL25_BACHD,MAMSLKAEKRPDLRGSVTRKIRKQGYVPAVVYGNKTKSQPISVEAVDFLKTVREVGRNGLISLEVEKGTKHQVMVHDLQMDPLKGDYLHIDFFEVDMSSEIEANVPVRLTGEARGVSEGGVLSQLMYEITVRSLPADIPEEITLDVSSLAIGDSIQIRDVRGNVPVQVVNEDEETVVTVQPPATEKEEETEAAVTDSEPEVINEKEEPAEEAKEE,0,train
MLER_LACLA,MSLNLRDLEYFYQLSKLRSFTNVAKHFRVSQPTISYAIKRLETYYDCDLFYKDSSHQVVDLTPEGELLAMRTNEILSELNHTKKAIHRSSMKDFKVGFPPIISSYLLSKQDNLNFFNALHMIYGGSNELLSLLLNEEIDSSLLGSLEKIKHPQLEIEELFQKEFFIIMSDSHPLANEKELGFKDLLNEDFILLGEHNIHFNAFNRLNEKYNQSANVVLKLDDAHTIKELVRKNLGISLMADIRLSEDFKNLVKVPFIEEDKQFFHINYAYQKNSILSESEKNFLEILKTLK,0,train
AROK_METJA,MEGKAYALASGTIINAIATGKGSAFGLDLKVYAKVKLIDDGKNKIEGKVLDNPNIKPNLIVRCVKNTLDYFGLNYSAYVETKTEIPIKSGLSSSSATSNAVVLATFDALGEKIDDELILNLGIKSSFDEKLTVTGAYDDATASYYGGITITDNIERKILKRDKMRDDLNVLILIPNLEKNVDVNRMKLIKDYVEIAFNEAINGNYFKALFLNGILYASALNFPTNIAIDALDAGAITAGLSGTGPSYIAMVEDENVEKVKEKLNRYGKVILTKPNNDGASIY,0,train
MPTA_METJA,MNWRCDVQNFEPDVKISLTRVGVTNLKKLVRLKRTNKRPIILLSTFEVFVNLPSSQKGIHMSRNPEVIEGIIDEALELESYEMETICEEIVKRLFEKHEYATEAEVFMVSDFMTKEKSPISGKYSQEIHKIMGGAKGIKKDDEIELTKIVGAEVVGITACPCAQNLIKEICIKNLKEKGFSDEDIDKILDSVIFATHNQRGIGRIILEVPTGYDIEIMDIIEIIKKSMSAEIHGILKRADEAYVVEQSHKNPKFVEDCVREMAKRVVEKFKHLPDETKVLIRQINMESIHRHDAFAEKVATLGELRRELLSYE,0,train
CBL_THET8,MDLPPRTGSLKWGTYPEDVLPLWVADMDFPPAEAIQQALAERARGFLGYPPREGDRELRELILEALGLEAELAFMPGVVVGLYAAVAAFTAPGQGVLTQVPIYPPFLAAIRDQRRTVLANPLRETPEGYRLDLAGLERLAFATRLLLFCHPHNPTGRVFGEEELAALAQIARRHDLIVVSDELHAPLTYEKPHVPLARFLPERTLTLVGPGKTYNLAGLPIGAVLGPKPLVEAVKRHLPHVFPNVLAMAAWKAALKEGGPWLKATLEQLRANRDRVAAWAKARGLGHHPPEGTYLAWIQTPFPKAAAYFLERARVALNPGESFGRGYDTYVRLNFATYPEVLEEALRRLDGALK,0,train
PLP_RICPR,MKKLSVIFLSVSMLSSIAFGDEDKVVATYKGGEVKESQIMQEFKPQLNLQSGETIKNFDDFPLQDQEKLIKIYVNNLLLKEEVAKSSITSSKEFQEKLENAKNQLAQQELLANYIKSNITDKMFDDEYNKYVDNLKGKEQIKVAHILVKSQKEANTVKTKLSKGGNFTKLAEEFSLDKATASNGGIIGYIILNQPGQLVPEFEQKAFALKVNEVSTPVKTSFGWHIIKVLEKKPVPIPTKEEAKVTIDNILAAEILKQYISDLEAKADLKIMLPKANSKTGS,0,train
CDD_VIBCH,MRNRIEQALQQMPASFAPYLRELVLAKDFDATFSAEQYQQLLTLSGLEDADLRVALLPIAAAYSYAPISEFYVGAIVRGISGRLYLGANMEFTGAQLGQTVHAEQCAISHAWMKGEKGVADITINFSPCGHCRQFMNELTTASSLKIQLPKRAAKTLQEYLPESFGPADLGIDSGLMSPVNHGKTSDDDEELIQQALRAMNISHSPYTQNFSGVALKMRSGAIYLGAYAENAAFNPSLPPLQVALAQAMMMGESFEDIEAAALVESATGKISHLADTQATLEVINPDIPLSYLSL,0,train
The355,MLVWEELREKALNKIYHDKEIGYLDPDILGFLLAFYRNRNDVYTQSSCSGRITIVDAEMPWDRKNSTIIFKNHLRITEQDLEDVLSKNQVRRLWLIVQGPIIHIYAKNIETGWDILKIAREAGFKHSGILATNQKGVLVELRTGIRMVHLLRESNTERVDKDKIKTLVNVCNEVLARGKQKMNLLKDLLSSSSNNSMELGKNSKLKTPI,0,train
COBS2_ARCFU,MIKAIRSAISFLTTLPLGGDVEELRKNLWLFPYAAILIALIVSVPHFIRNFVDIRFLALVLYLGAEGINHVDGLADFGDALFAPKNRKREAIKDLNTGAGGVAVVVVYFLLLYTLLYRSDFWEIALSQVLAKYSMLLLMLLSRPSWDGMGSYFMEKISSKDVFIGAVPVVLLCYKVGIESLAALASGFAVVLLLKAYSEKHFGGVNGDVIGSANCLTFAASLSALTIAGQL,0,train
The1138,MEIIHLSEIDSTNDYAKELAKEGKRNFIVLADKQNNGKGRWGRVWYSDEGGLYFSMVLDSKLYNPKVINLLVPICIIEVLKNYVDKELGLKFPNDIMVKVNDNYKKLGGILTELTDDYMIIGIGINVNNQIRNEIREIAISLKEITGKELDKVEILSNFLKTFESYLEKLKNKEIDDYEILKKYKKYSITIGKQVKILLSNNEIITGKVYDIDFDGIVLGTEKGIERIPSGICIHVR,0,train
TGL_BACHD,MGNDMIQVAGRPFSLESTTDFGRVERAILQQMLDSSEWFSYSSMNELRFELNVRINIMESAKEMNASQVTFTIFEHASCNPEYWTLTSTGGFLVRSDVRPSDAILDIYRNGTLYGFECATAIIIIYYQAILKSIGQLRFDSIFQHLYLYSWHTHPGLELHTFHADRFLPGDVVYFNNPDFHPDTPWFRGENAVVLSDGTFFGHGFGIMTAEQMIQSLNSYRFPGSMQPAYLANLITRISPLTIRNLLTLQSDRTTYHYSKAVIHHNLCSISSMDYQYYLLSLNG,0,train
TRPF_PYRAB,MFVKVCGVKSLEELEIVEKYADATGVVVNSKSKRNVPLDAAREIISSAKIPVFLVSTMKNREDWEVAIERTEARYIQIHSDVEPSLLPYLKDEYGVEIMKAFRVPQESENPERDAQMLLKKIRKYEADLILLDTGAGSGKMHDLRVTRIVAEEIPVVVAGGLKPENVEMVIKLVKPFGVDVSSGVERNGKKDEELVREFVRRAKNVVR,0,train
PRIM_ECOLI,MAGRIPRVFINDLLARTDIVDLIDARVKLKKQGKNFHACCPFHNEKTPSFTVNGEKQFYHCFGCGAHGNAIDFLMNYDKLEFVETVEELAAMHNLEVPFEAGSGPSQIERHQRQTLYQLMDGLNTFYQQSLQQPVATSARQYLEKRGLSHEVIARFAIGFAPPGWDNVLKRFGGNPENRQSLIDAGMLVTNDQGRSYDRFRERVMFPIRDKRGRVIGFGGRVLGNDTPKYLNSPETDIFHKGRQLYGLYEAQQDNAEPNRLLVVEGYMDVVALAQYGINYAVASLGTSTTADHIQLLFRATNNVICCYDGDRAGRDAAWRALETALPYMTDGRQLRFMFLPDGEDPDTLVRKEGKEAFEARMEQAMPLSAFLFNSLMPQVDLSTPDGRARLSTLALPLISQVPGETLRIYLRQELGNKLGILDDSQLERLMPKAAESGVSRPVPQLKRTTMRILIGLLVQNPELATLVPPLENLDENKLPGLGLFRELVNTCLSQPGLTTGQLLEHYRGTNNAATLEKLSMWDDIADKNIAEQTFTDSLNHMFDSLLELRQEELIARERTHGLSNEERLELWTLNQELAKK,0,train
PHOU1_THEMA,MVDHVHFERELTLLKSDVSKMLFLVSESLNDAIESLETMNETLARKVLESDDMIDELNREIEEKAYQIIARYNPILKQLRYIITILKFSNDLERIGDLSCNIAEKCLFLSEEKIKFEMLKELKDMFGSTLKVVQDAFKAFVEEDVDLAFRLWKFDDVIDEMEKKIRRIVVERIREGNISAELALVYILIARDLERVGDHANNLCEEVIYIETGKNMKEFLRGVESGSEGADS,0,train
PIGA_PSEAE,MDTLAPESTRQNLRSQRLNLLTNEPHQRLESLVKSKEPFASRDNFARFVAAQYLFQHDLEPLYRNEALARLFPGLASRARDDAARADLADLGHPVPEGDQSVREADLSLAEALGWLFVSEGSKLGAAFLFKKAAALELDENFGARHLAEPEGGRAQGWKSFVAILDGIELNEEEERLAAKGASDAFNRFGDLLERTFA,0,train
DGGGP_SACS2,MSLKSYMQLVRIHNVIGAALGAIMGFLVSSQWYLELKGILLSALVVGLIAAGGYVINDVYDVEIDKINKPYRPIPSGKISVNKAKALSIALFIIGIALSILLNIYALVIALVTAIGLIYYAKDLKKTGFYGNLLVATTTALSIFYGGLAFFSDNWLLRIIIPTLYAFFLTLIREIVKGIEDYNGDSLNNVKTLATTLGINKSWRIAKILLVLLLIISPLPFFIGFNLIYLILLILVFIPFTILSIIQKETIEGASKARTYLKISAISGIIAFLLGSLPFFKG,0,train
OMPA_YERPE,MKKTAIALAVALVGFATVAQAAPKDNTWYTGGKLGWSQYQDTGSIINNDGPTHKDQLGAGAFFGYQANQYLGFEMGYDWLGRMPYKGDINNGAFKAQGVQLAAKLSYPVAQDLDVYTRLGGLVWRADAKGSFDGGLDRASGHDTGVSPLVALGAEYAWTKNWATRMEYQWVNNIGDRETVGARPDNGLLSVGVSYRFGQEDAAAPIVAPTPAPAPIVDTKRFTLKSDVLFGFNKANLKPEGQQALDQLYAQLSSIDPKDGSVVVLGFADRIGQPAPNLALSQRRADSVRDYLVSKGIPADKITARGEGQANPVTGNTCDNVKPRAALIECLAPDRRVEIEVKGYKEVVTQPQA,0,train
YRBC_ECOLI,MFKRLMMVALLVIAPLSAATAADQTNPYKLMDEAAQKTFDRLKNEQPQIRANPDYLRTIVDQELLPYVQVKYAGALVLGQYYKSATPAQREAYFAAFREYLKQAYGQALAMYHGQTYQIAPEQPLGDKTIVPIRVTIIDPNGRPPVRLDFQWRKNSQTGNWQAYDMIAEGVSMITTKQNEWGTLLRTKGIDGLTAQLKSISQQKITLEEKK,0,train
3MDO_PSEAE,MSSILRLDRLRQFIGELATLLDSRPDESTLLAQAHPLLAELVHQDDWLPEDCARPDPQRYQQYLLHVDSRQRFSVVSFVWGPGQITPVHDHRVWGLIGMLRGAEYSQPYAFDAGGRPHPSGARRRLEPGEVEALSPRIGDVHQVSNAFSDRTSISIHVYGANIGAVRRAVFSAEGEEKPFISGYSNSRLPNIWDLSKENPA,0,train
LUXR_ALIFS,MKNINADDTYRIINKIKACRSNNDINQCLSDMTKMVHCEYYLLAIIYPHSMVKSDISILDNYPKKWRQYYDDANLIKYDPIVDYSNSNHSPINWNIFENNAVNKKSPNVIKEAKTSGLITGFSFPIHTANNGFGMLSFAHSEKDNYIDSLFLHACMNIPLIVPSLVDNYRKINIANNKSNNDLTKREKECLAWACEGKSSWDISKILGCSERTVTFHLTNAQMKLNTTNRCQSISKAILTGAIDCPYFKN,0,train
DISA_THEMA,MGVKSLVPQELIEKIKLISPGTELRKALDDIINANFGALIFLVDDPKKYEDVIQGGFWLDTDFSAEKLYELSKMDGAIVLSEDITKIYYANVHLVPDPTIPTGETGTRHRTAERLAKQTGKVVIAVSRRRNIISLYYKNYKYVVNQVDFLISKVTQAISTLEKYKDNFNKLLSELEVLELENRVTLADVVRTLAKGFELLRIVEEIRPYIVELGEEGRLARMQLRELTEDVDDLLVLLIMDYSSEEVEEETAQNILQDFITRREPSPISISRVLGYDVQQAAQLDDVLVSARGYRLLKTVARIPLSIGYNVVRMFKTLDQISKASVEDLKKVEGIGEKRARAISESISSLKHRKTSE,0,train
YSCL_YEREN,MSQTCQTGYAYMQPFVQIIPSNLSLACGLRILRAEDYQSSLTTEELISAAKQDAEKILADAQEVYEQQKQLGWQAGMDEARTLQATLIHETQLQCQQFYRHVEQQMSEVVLLAVRKILNDYDQVDMTLQVVREALALVSNQKQVVVRVNPDQAGTIREQIAKVHKDFPEISYLEVTADARLDQGGCILETEVGIIDASIDGQIEALSRAISTTLGQMKVTEEE,0,train
RL1_THEAC,MNINDVKRAVSEIKEKSPQRKFEESVEIAVNLKDVDMSNPKNRINEEILLPNGRGKDVKIAVFGSDELKSKARGVADFVFGAEDISKFAEDKKAFKKIVNQAYFFIAEATLMANIGKSLGQVLGPRGKMPRPIPPGQDPAPLIKNLKNTVKARSRNALTFHVPVGTRSMDADKISENIMTVINRITGKLERGASNIRSIYVKTTMGNAVEIKAGDEK,0,train
MRE11_SULTO,MSKTQILHISDTHLGKRQYNLDFREQDVYDTFSQLIDIAIKEHVDGIIHTGDLFDINDPPNKAEIVAIRELKRLKEAGIPFIVIAGDHDSPKKFTAIYPQKILEEFDLIKFLSKPDTPYKLGEITIYGISHVPNVAKERLKELLSRLKPENKKSILLLHQGLKEVLPYEGAWQIQIDDLPKAFSYYALGHFHTRRVFQLDGGRIIEIAGSPDILREEEIEGYEKEGKGATLIDFSGDIPTIQKINIDVRKQYVVTLNTNNLREEIRKLREKYDTNNEKKPIFHIILEGKSIPKNVLMKELQEINNFAPYWRIYKDNTKEKDEKDVKIDLPTDTTIENLIYNYLVKIANFSETEARMIVDIINRADEREYVKEELMKMIGVENDNKKN,0,train
GSPH_XANCP,MRVARLPLLHPHRAAPVVRRQLRGSSLLEMLLVIALIALAGVLAAAALTGGIDGMRLRSAGKAIAAQLRYTRTQAIATGTPQRFLIDPQQRRWEAPGGHHGDLPAALEVRFTGARQVQSRQDQGAIQFFADGASTGGRIDLTIKDARWRVDVGWITGEVRSGPLRTPAP,0,train
DTDA_ARCFU,MKLVVCSESDTAGQNIKDNLLTFADFEEKDVGEFKLYLSDEFYIAETKERLIYADHIDEKLAKYIDFEEILFASRHSSKDGRKIFTVHVSGNVGTADFGGKPYSLAKPSPQTMKNYVLALRERLDRKPEFEFTMEVTHHGPSEISKPSAFYEIGSTEEEWKDREAAEVVAEAMLDAIRAEKMDWNVAVGVGGTHYAPRQTEIMLTTTFTFGHNFAKYTFEHLTAEFLVKAVKLSEAEYIIIDEKSVNSAVKKIVNEAAEVAGVEVLKSKKVKKDFRLV,0,train
RNH3_LACLA,MNIVLKLETKERQQLAEKYKSYEQVSKNPYITFFAKVGKTSISVYTSGKVVFQGNEAEKLASDFGHIAQVVPQKQTNLIGTDEVGNGSYFGGLMVTASFVSEENLNFLKEIGVADSKKLTDEKICQIAPKLIDRIPHVALVVEPAKYNEVIASGYNAVSIKVALHNQAIYLLEKQLGHKPENIVIDAFTTEANYKKYVNKEQNHPLTKVTLLTKAEDQFLAVAVSSIISRYLFLENLKKLSKESGFTLPSGAGNLSDKIAAQIIKSQGVDALNQLAKLHFANTQKAIKIAQL,0,train
CRTI_SYNY4,MLPAVGVDRPVGRRLQLHARVQQGIGVRSIAWSRVQAVALLAVVRDRQAAVQTPRVGQHQAVVQRNRRRHVRRARQGVADGRQHLGHARRAERDDLCVQEGGGDIEIQALVRAFEQDGVECELDPLALGLADVSAAVGVIGQTGRRLQLLEFIGEDVHRQAKTVRRPTQPGLIGGDGFGIERQGLGLGEDRGAVEAAAAIAGPRRDEDVQVRGKGVFGRDPTRHVVVLEGAVPDEGIGRGEGLGEGRDAPRVQVVVAPAEGRLVAGVTQTARQGQLVGQVIVDLAEHGEAVARLLVQVVVLGPGRIAGPVGVEVDIVRDVEGAHDPVQTTVVVVAQTHFQRGLVQRLIGIEARGRIGRAVAVALHRASRALDVADHRQIQVIAQTMLQRRRHAIDVDAMGRILRRIELVRVVVLARIGDIAVQRRRDTVVLARVAPVAAAEQLHGQVGVRREIEGDSGPAGEQILVAETFTAARIDDGRNLGLGHAGDDRLEARQVARARPGHEAAPCSASTASRTPTVSLRGPPTAASIAR,0,train
Y2093_ARCFU,MDVEIVEELSKMLAGRKAVTEEEIRRKAIRCALKIMGARLVGIDAELIEDVTCSLIDCPITLKSLHFSEKVKIGDVLFYHPHVIKPEKEDFEQAYFEYKQSKKFLDAFDIMREVTDRFFEGYEAEGRYMRKYTKDGRNYYAFFSTIDDTFEDVDIHLRMVDEVDGDYVVIVPTENELNPFLKFFKQYSEDAKRAGLKIWVVNPDEKTIDPFIGYPKDFRLLKGFKNPKAAALVSAYWRVTVTDLD,0,train
KIME_ARCFU,MIASAPGKIILFGEHAVVYGRHAVVSAINLRCRVSVRKSDRFLIRSSLGESGLDYQRHPYVVQAVKRFGELRNIPGAEIEIESEIPIGSGLGSSAAVIVATIAALNAEFDGDMDKEAIFQMAKQVEIDVQGRASGIDPFISTFGGSWLFPERRKVEMPFKFFVINFGSRSTAEMVAKVAELRERHPEVVDKIFDAIDAISLEASDVGSAERLEELIAINQSLLRAIGVSNPEIDRTIAELERMGLNAKITGAGGGGCIFGLFKGEKPKGSFIVEPEKEGVRIEE,0,train
PRIL_SACS2,MALDVKKYPFIKSLDDELKKYGGGITLTDLLLNSTTLIDQAKDRIQKTKSGDELPHYVSYNEPVLVFYTTLLSLAILNDVKLIRRYAYAEAKQFRSLLHTENEENLLEISKLLDLKINRCDPIKFYLEKKRRIIQKEFCVHFIDYLKYTKDLKEDWKLSGQILHKGYVYLDKNQLIGLIAESIKSKIVEMIRPLNLKEIPEKLKSLIERRGIIPPCIENILAKEKLNEEEIRTLITFYIDIGKGLSGIVSIMKKYNVSNVEDLYRKYRGDKGTRYIVYSCAKMKQLGLCVSSCNVKNPLQLYFLSNE,0,train
MUCB_PSEAE,MRTTSLLLLLGSLMAVPATQAADASDWLNRLAEADRQNSFQGTFVYERNGSFSTHEIWHRVESDGAVRERLLQLDGARQEVVRVDGRTQCISGGLADQLADAQLWPVRKFDPSQLASWYDLRLVGESRVAGRPAVVLAVTPRDQHRYGFELHLDRDTGLPLKSLLLNEKGQLLERFQFTQLNTGAAPAEDQLQAGAECQVVGPAKADGEKTVAWRSEWLPPGFTLTRSFMRRSPVTPDPVACLTYGDGLARFSVFIEPLHGAMVGDARSQLGPTVVVSKRLQTDDGGQMVTVVGEVPLGTAERVALSIRPEAAAQK,0,train
Q3B181,MMTLLAILAVSYIIGSIPTSIMAGKMLKRIDIRQFGSGNAGGTNAFRVLGWKTGLSVTLIDIAKGVIAAVSVVAFFRMHPIGAYPDINEVALRLLAGMAAVIGHVFTVFAGFKGGKGVSTAAGMLIGIAPVSMLIVIGIFLLTVWLSRYVSVASILAAIAFPLIIAIRKYVFELGGGLDYYIRLFGESFSFHDSLDYHLMIFGLIVALAILYTHRANIRRLISGTENRITFGKSA,0,train
NHAB_VIBCH,MPMSLGNAFIKNFLGKAPDWYKVAIIAFLIINPIVFFFINPFLAGWLLVVEFIFTLAMALKCYPLQPGGLLAIEAIAIGMTSPGQVKHELVANIEVLLLLVFMVAGIYFMKQLLLFIFTKILLGIRSKVLLSIAFSVTAAFLSAFLDALTVIAVIISVAVGFYSIYHKVASGQSVHSSHDHTHDEGISELTRDDLENYRAFLRSLLMHAGVGTALGGVTTMVGEPQNLIIADQAGWQFGEFLLRMAPVTVPVFIAGMLTCMLVEKFRIFGYGARLPANVRQILLDFDSEERKNRTNQDVAKLWVQGAIAVWLIVGLALHLAAVGLIGLSVIILATAFTGVIEEHSLGKAFEEALPFTALLAVFFSIVAVIIDQELFKPVIDAVLNVEDHGTQLALFYVANGLLSMVSDNVFVGTVYITEVKTALMEGMISRDQFDLLAVAINTGTNLPSVATPNGQAAFLFLLTSALAPLIRLSYGRMVIMAFPYTLALSLVGFIGIMFLLEPMTEVFYSLGWISHHVAPAADALLQSGH,0,train
